n_labels,ari,nmi,homogeneity,completeness,silhouette_label,trustworthiness_k30,work_package,dataset_id,method,environment,dimension,seed,max_epochs,n_cells,n_genes,runtime_seconds,max_rss_mb,metric_sample_size,metric_sample_size_requested,method_raw,method_id,parent_method,control_layer,source,standardized,explained_variance_ratio_sum,analysis_inclusion,method_class,max_iter,min_iter,iter_max,iter_min,pseudocount,zero_inflation,sparsity,training_steps,layers,workflow,pca_components,hvg_requested,hvg_actual,n_genes_total,n_genes_input,model_input,family
5,0.2668037992318133,0.2783223742898773,0.283892177592483,0.2729669183688087,0.0895898714661598,0.5631675961456468,scVI reference analysis,default,scVI,Python modern,2,0,20.0,2000,3000.0,11.776190996170044,790.74609375,2000.0,5000.0,scVI,scVI,scVI,scVI_reference_analysis,scvi,,,,,,,,,,,,,,,,,,,,,deep
5,0.2916573405962032,0.3499704848997518,0.3521157251986482,0.3478512257638297,0.0258470643311738,0.5621066513174725,scVI reference analysis,default,scVI,Python modern,2,1,20.0,2000,3000.0,11.348794221878052,794.24609375,2000.0,5000.0,scVI,scVI,scVI,scVI_reference_analysis,scvi,,,,,,,,,,,,,,,,,,,,,deep
5,0.1994740178881533,0.2154432167563114,0.2175315007225325,0.2133946462424075,0.0136831980198621,0.5459645348341434,scVI reference analysis,default,scVI,Python modern,2,2,20.0,2000,3000.0,11.080135583877563,792.0625,2000.0,5000.0,scVI,scVI,scVI,scVI_reference_analysis,scvi,,,,,,,,,,,,,,,,,,,,,deep
5,0.5903216097348729,0.5365741285808228,0.5393080110955322,0.5338678236895124,0.2333566099405288,0.6313240044342117,scVI reference analysis,default,scVI,Python modern,5,0,20.0,2000,3000.0,11.495447874069214,796.984375,2000.0,5000.0,scVI,scVI,scVI,scVI_reference_analysis,scvi,,,,,,,,,,,,,,,,,,,,,deep
5,0.7142995563770914,0.6350960503868315,0.6395789856371646,0.6306755212741908,0.2654597163200378,0.6235758335465166,scVI reference analysis,default,scVI,Python modern,5,1,20.0,2000,3000.0,11.162031888961792,794.109375,2000.0,5000.0,scVI,scVI,scVI,scVI_reference_analysis,scvi,,,,,,,,,,,,,,,,,,,,,deep
5,0.5778495353339731,0.5573166689011959,0.5568873373884384,0.5577466629097604,0.2422599196434021,0.6126663511554532,scVI reference analysis,default,scVI,Python modern,5,2,20.0,2000,3000.0,11.042961597442629,795.375,2000.0,5000.0,scVI,scVI,scVI,scVI_reference_analysis,scvi,,,,,,,,,,,,,,,,,,,,,deep
5,0.787915344888505,0.8222218162577285,0.8271988026040815,0.8173043615474086,0.3754907250404358,0.6642649356186578,scVI reference analysis,default,scVI,Python modern,10,0,20.0,2000,3000.0,11.22153377532959,810.02734375,2000.0,5000.0,scVI,scVI,scVI,scVI_reference_analysis,scvi,,,,,,,,,,,,,,,,,,,,,deep
5,0.9101324230597002,0.8553065147751536,0.8533643584814816,0.8572575314698332,0.3617574572563171,0.6625429095250277,scVI reference analysis,default,scVI,Python modern,10,1,20.0,2000,3000.0,11.18135380744934,795.6171875,2000.0,5000.0,scVI,scVI,scVI,scVI_reference_analysis,scvi,,,,,,,,,,,,,,,,,,,,,deep
5,0.9273624249759262,0.8747276491207828,0.8731790479699407,0.8762817529833147,0.4257475733757019,0.6628856826127739,scVI reference analysis,default,scVI,Python modern,10,2,20.0,2000,3000.0,11.704265356063845,796.3828125,2000.0,5000.0,scVI,scVI,scVI,scVI_reference_analysis,scvi,,,,,,,,,,,,,,,,,,,,,deep
5,0.9687974340634952,0.93912182006228,0.9397365333441045,0.9385079104640158,0.4620646238327026,0.6771730962735567,scVI reference analysis,default,scVI,Python modern,20,0,20.0,2000,3000.0,11.351761817932127,792.70703125,2000.0,5000.0,scVI,scVI,scVI,scVI_reference_analysis,scvi,,,,,,,,,,,,,,,,,,,,,deep
5,0.9825537077885996,0.9638873274428612,0.9637772788498776,0.9639974011704396,0.4087841808795929,0.6914317643045962,scVI reference analysis,default,scVI,Python modern,20,1,20.0,2000,3000.0,11.173397302627563,799.83984375,2000.0,5000.0,scVI,scVI,scVI,scVI_reference_analysis,scvi,,,,,,,,,,,,,,,,,,,,,deep
5,0.9419920261959818,0.9029434335343774,0.9011654403515766,0.9047284565234494,0.4239408671855926,0.6765220943122708,scVI reference analysis,default,scVI,Python modern,20,2,20.0,2000,3000.0,11.237035036087036,804.5,2000.0,5000.0,scVI,scVI,scVI,scVI_reference_analysis,scvi,,,,,,,,,,,,,,,,,,,,,deep
5,0.9889347000843912,0.9764835914490324,0.9764615254219776,0.9765056584734036,0.3950360417366028,0.7041842329666581,scVI reference analysis,default,scVI,Python modern,50,0,20.0,2000,3000.0,11.29883623123169,798.09765625,2000.0,5000.0,scVI,scVI,scVI,scVI_reference_analysis,scvi,,,,,,,,,,,,,,,,,,,,,deep
5,0.988731680113994,0.9762015592817578,0.976622524867871,0.9757809564472036,0.3997319936752319,0.7060803786134562,scVI reference analysis,default,scVI,Python modern,50,1,20.0,2000,3000.0,11.687365055084229,806.6640625,2000.0,5000.0,scVI,scVI,scVI,scVI_reference_analysis,scvi,,,,,,,,,,,,,,,,,,,,,deep
5,0.9662399759628316,0.937876637442021,0.9356523496664886,0.940111525833306,0.4170249104499817,0.7108028822375714,scVI reference analysis,default,scVI,Python modern,50,2,20.0,2000,3000.0,11.633833408355711,795.26953125,2000.0,5000.0,scVI,scVI,scVI,scVI_reference_analysis,scvi,,,,,,,,,,,,,,,,,,,,,deep
7,0.0334630061289514,0.0570293035414113,0.0571633396648562,0.0568958945211151,-0.11126509308815,0.5189370427219238,scVI reference analysis,celltype_7,scVI,Python modern,2,0,20.0,2000,3000.0,11.360024213790894,790.4296875,2000.0,5000.0,scVI,scVI,scVI,scVI_reference_analysis,scvi,,,,,,,,,,,,,,,,,,,,,deep
7,0.0689294553893571,0.1039966638565546,0.1039556883866626,0.1040376716411993,-0.1163878738880157,0.5193991472669908,scVI reference analysis,celltype_7,scVI,Python modern,2,1,20.0,2000,3000.0,11.4533953666687,790.82421875,2000.0,5000.0,scVI,scVI,scVI,scVI_reference_analysis,scvi,,,,,,,,,,,,,,,,,,,,,deep
7,0.0429763347600244,0.069578204117082,0.069548748231337,0.0696076849642206,-0.1142452880740165,0.5218809414172423,scVI reference analysis,celltype_7,scVI,Python modern,2,2,20.0,2000,3000.0,11.278473377227783,791.00390625,2000.0,5000.0,scVI,scVI,scVI,scVI_reference_analysis,scvi,,,,,,,,,,,,,,,,,,,,,deep
7,0.2149856284256607,0.2539251405816602,0.2531503257998799,0.2547047128610571,0.0209825932979583,0.5708297518546943,scVI reference analysis,celltype_7,scVI,Python modern,5,0,20.0,2000,3000.0,11.234334468841553,790.80859375,2000.0,5000.0,scVI,scVI,scVI,scVI_reference_analysis,scvi,,,,,,,,,,,,,,,,,,,,,deep
7,0.2115074639433309,0.2595205392328369,0.2595688235322924,0.2594722728934733,0.0243339352309703,0.5723729257269549,scVI reference analysis,celltype_7,scVI,Python modern,5,1,20.0,2000,3000.0,11.153053998947144,802.46875,2000.0,5000.0,scVI,scVI,scVI,scVI_reference_analysis,scvi,,,,,,,,,,,,,,,,,,,,,deep
7,0.1530257177099902,0.202527816790437,0.202524428001997,0.2025312056922864,-0.0115353809669613,0.5582329325488189,scVI reference analysis,celltype_7,scVI,Python modern,5,2,20.0,2000,3000.0,10.941205263137816,796.67578125,2000.0,5000.0,scVI,scVI,scVI,scVI_reference_analysis,scvi,,,,,,,,,,,,,,,,,,,,,deep
7,0.562998167693665,0.5668762007218449,0.5674171025549991,0.5663363291577981,0.1263503134250641,0.6285024047070862,scVI reference analysis,celltype_7,scVI,Python modern,10,0,20.0,2000,3000.0,11.266916036605837,790.4375,2000.0,5000.0,scVI,scVI,scVI,scVI_reference_analysis,scvi,,,,,,,,,,,,,,,,,,,,,deep
7,0.4288463512986132,0.446347019201574,0.4465846320655145,0.4461096590550116,0.1032657772302627,0.6146610897927859,scVI reference analysis,celltype_7,scVI,Python modern,10,1,20.0,2000,3000.0,10.894822359085085,792.44140625,2000.0,5000.0,scVI,scVI,scVI,scVI_reference_analysis,scvi,,,,,,,,,,,,,,,,,,,,,deep
7,0.6286510028383195,0.6160458838942707,0.6159946850978949,0.616097091202196,0.1523146331310272,0.6325766436428755,scVI reference analysis,celltype_7,scVI,Python modern,10,2,20.0,2000,3000.0,11.010151863098145,795.07421875,2000.0,5000.0,scVI,scVI,scVI,scVI_reference_analysis,scvi,,,,,,,,,,,,,,,,,,,,,deep
7,0.6869114171702442,0.6879176998680112,0.6891658901454949,0.6866740227631668,0.1410319209098816,0.6372616867058924,scVI reference analysis,celltype_7,scVI,Python modern,20,0,20.0,2000,3000.0,11.068583726882936,798.21875,2000.0,5000.0,scVI,scVI,scVI,scVI_reference_analysis,scvi,,,,,,,,,,,,,,,,,,,,,deep
7,0.5958831596981773,0.6005029839641836,0.6013853728047395,0.5996231807179946,0.130693644285202,0.659814308859896,scVI reference analysis,celltype_7,scVI,Python modern,20,1,20.0,2000,3000.0,10.757355451583862,794.31640625,2000.0,5000.0,scVI,scVI,scVI,scVI_reference_analysis,scvi,,,,,,,,,,,,,,,,,,,,,deep
7,0.7677735516070493,0.7420316811381692,0.7426494090265697,0.7414149800346892,0.1780174225568771,0.6539266479065404,scVI reference analysis,celltype_7,scVI,Python modern,20,2,20.0,2000,3000.0,11.277416944503784,798.6015625,2000.0,5000.0,scVI,scVI,scVI,scVI_reference_analysis,scvi,,,,,,,,,,,,,,,,,,,,,deep
7,0.90217987148124,0.876209254681627,0.8765244187853531,0.8758943171379564,0.1772754788398742,0.671296154174128,scVI reference analysis,celltype_7,scVI,Python modern,50,0,20.0,2000,3000.0,11.377150535583496,796.1953125,2000.0,5000.0,scVI,scVI,scVI,scVI_reference_analysis,scvi,,,,,,,,,,,,,,,,,,,,,deep
7,0.874398264796352,0.8480213614342967,0.8486913496586139,0.8473524302023355,0.1847773194313049,0.6907433103095421,scVI reference analysis,celltype_7,scVI,Python modern,50,1,20.0,2000,3000.0,11.111038208007812,809.28125,2000.0,5000.0,scVI,scVI,scVI,scVI_reference_analysis,scvi,,,,,,,,,,,,,,,,,,,,,deep
7,0.7923321961734976,0.7834984562793591,0.7834632037080819,0.7835337120232161,0.1663276553153991,0.6753636053551633,scVI reference analysis,celltype_7,scVI,Python modern,50,2,20.0,2000,3000.0,11.449679374694824,811.1015625,2000.0,5000.0,scVI,scVI,scVI,scVI_reference_analysis,scvi,,,,,,,,,,,,,,,,,,,,,deep
11,0.0124910516838532,0.0373458374763853,0.0374702956508993,0.0372222033443573,-0.1490885019302368,0.5125627440948239,scVI reference analysis,celltype_11,scVI,Python modern,2,0,20.0,2000,3000.0,11.263659238815308,803.95703125,2000.0,5000.0,scVI,scVI,scVI,scVI_reference_analysis,scvi,,,,,,,,,,,,,,,,,,,,,deep
11,0.0203483155583047,0.0474245975986067,0.0471562911371207,0.0476959747127459,-0.1657743155956268,0.5124814018930672,scVI reference analysis,celltype_11,scVI,Python modern,2,1,20.0,2000,3000.0,11.131956815719604,795.34765625,2000.0,5000.0,scVI,scVI,scVI,scVI_reference_analysis,scvi,,,,,,,,,,,,,,,,,,,,,deep
11,0.0115014531820673,0.0344730400669832,0.0344340869731718,0.0345120813909217,-0.1324062794446945,0.5083912935959751,scVI reference analysis,celltype_11,scVI,Python modern,2,2,20.0,2000,3000.0,10.936314344406128,798.171875,2000.0,5000.0,scVI,scVI,scVI,scVI_reference_analysis,scvi,,,,,,,,,,,,,,,,,,,,,deep
11,0.049696877318729,0.0975893395025458,0.0978031651556262,0.0973764467777166,-0.0694577395915985,0.535919357039311,scVI reference analysis,celltype_11,scVI,Python modern,5,0,20.0,2000,3000.0,10.955814123153688,796.6484375,2000.0,5000.0,scVI,scVI,scVI,scVI_reference_analysis,scvi,,,,,,,,,,,,,,,,,,,,,deep
11,0.0418741394042072,0.0839197969860977,0.084283231968046,0.0835594828591307,-0.0646441876888275,0.5394734714760808,scVI reference analysis,celltype_11,scVI,Python modern,5,1,20.0,2000,3000.0,11.376818895339966,804.0390625,2000.0,5000.0,scVI,scVI,scVI,scVI_reference_analysis,scvi,,,,,,,,,,,,,,,,,,,,,deep
11,0.0322231085848163,0.0805761646863182,0.0804625686042852,0.0806900819689701,-0.0805224180221557,0.5317769932634092,scVI reference analysis,celltype_11,scVI,Python modern,5,2,20.0,2000,3000.0,11.254981517791748,796.8046875,2000.0,5000.0,scVI,scVI,scVI,scVI_reference_analysis,scvi,,,,,,,,,,,,,,,,,,,,,deep
11,0.0492642760277788,0.0984902670847195,0.0990020321036942,0.0979837657265078,-0.0268451664596796,0.5532715954634604,scVI reference analysis,celltype_11,scVI,Python modern,10,0,20.0,2000,3000.0,11.134673357009888,791.3203125,2000.0,5000.0,scVI,scVI,scVI,scVI_reference_analysis,scvi,,,,,,,,,,,,,,,,,,,,,deep
11,0.0481702156194061,0.1023690248672555,0.1025992013175384,0.1021398788851018,-0.0303043089807033,0.5557031551121343,scVI reference analysis,celltype_11,scVI,Python modern,10,1,20.0,2000,3000.0,11.33718991279602,797.03125,2000.0,5000.0,scVI,scVI,scVI,scVI_reference_analysis,scvi,,,,,,,,,,,,,,,,,,,,,deep
11,0.0915212318792831,0.1583323280005368,0.1590903270690682,0.1575815177791052,-0.0206440184265375,0.5614647650720559,scVI reference analysis,celltype_11,scVI,Python modern,10,2,20.0,2000,3000.0,11.462984800338743,791.0625,2000.0,5000.0,scVI,scVI,scVI,scVI_reference_analysis,scvi,,,,,,,,,,,,,,,,,,,,,deep
11,0.0970801915737472,0.1581786232577665,0.1590147084192091,0.1573512842324116,0.004696060437709,0.5827791677325829,scVI reference analysis,celltype_11,scVI,Python modern,20,0,20.0,2000,3000.0,13.83955430984497,792.46484375,2000.0,5000.0,scVI,scVI,scVI,scVI_reference_analysis,scvi,,,,,,,,,,,,,,,,,,,,,deep
11,0.0621261678402671,0.1157288119762695,0.1161498562085569,0.1153108092962885,-0.0083626480773091,0.5795315937579943,scVI reference analysis,celltype_11,scVI,Python modern,20,1,20.0,2000,3000.0,17.32054090499878,798.5234375,2000.0,5000.0,scVI,scVI,scVI,scVI_reference_analysis,scvi,,,,,,,,,,,,,,,,,,,,,deep
11,0.1204275975463078,0.1907065495490719,0.1910177963349384,0.1903963154119923,0.0076328772120177,0.5718145390978084,scVI reference analysis,celltype_11,scVI,Python modern,20,2,20.0,2000,3000.0,18.75624632835388,797.8359375,2000.0,5000.0,scVI,scVI,scVI,scVI_reference_analysis,scvi,,,,,,,,,,,,,,,,,,,,,deep
11,0.277791296335173,0.3622083567479664,0.3634601110370634,0.3609651949339121,0.0308148376643657,0.6049935448111197,scVI reference analysis,celltype_11,scVI,Python modern,50,0,20.0,2000,3000.0,18.33203077316284,801.08984375,2000.0,5000.0,scVI,scVI,scVI,scVI_reference_analysis,scvi,,,,,,,,,,,,,,,,,,,,,deep
11,0.3306575217387711,0.3829595742410323,0.3850720050688994,0.3808701937405481,0.0323245152831077,0.6235673488530741,scVI reference analysis,celltype_11,scVI,Python modern,50,1,20.0,2000,3000.0,16.907621145248413,797.9140625,2000.0,5000.0,scVI,scVI,scVI,scVI_reference_analysis,scvi,,,,,,,,,,,,,,,,,,,,,deep
11,0.2735842002082869,0.344263340339163,0.3452580343191717,0.3432743613530475,0.025169514119625,0.6050423552485716,scVI reference analysis,celltype_11,scVI,Python modern,50,2,20.0,2000,3000.0,11.475603580474854,794.36328125,2000.0,5000.0,scVI,scVI,scVI,scVI_reference_analysis,scvi,,,,,,,,,,,,,,,,,,,,,deep
15,0.0073727970598826,0.0393512498490554,0.0395999682029011,0.0391056362810826,-0.1569538414478302,0.5098728489809841,scVI reference analysis,celltype_15,scVI,Python modern,2,0,20.0,2000,3000.0,11.037426710128784,795.2265625,2000.0,5000.0,scVI,scVI,scVI,scVI_reference_analysis,scvi,,,,,,,,,,,,,,,,,,,,,deep
15,0.0187847068326935,0.0523389322475144,0.0524020683864827,0.0522759480634304,-0.16951285302639,0.5157355589664876,scVI reference analysis,celltype_15,scVI,Python modern,2,1,20.0,2000,3000.0,11.201677799224854,797.17578125,2000.0,5000.0,scVI,scVI,scVI,scVI_reference_analysis,scvi,,,,,,,,,,,,,,,,,,,,,deep
15,0.0047839633761179,0.0298457394703898,0.0294382136706026,0.0302647067681003,-0.1396980285644531,0.513141016457747,scVI reference analysis,celltype_15,scVI,Python modern,2,2,20.0,2000,3000.0,11.324715375900269,802.875,2000.0,5000.0,scVI,scVI,scVI,scVI_reference_analysis,scvi,,,,,,,,,,,,,,,,,,,,,deep
15,0.0299324480415338,0.0764314118199485,0.0772033673180541,0.0756747410367895,-0.067542016506195,0.525231286774111,scVI reference analysis,celltype_15,scVI,Python modern,5,0,20.0,2000,3000.0,11.211285591125488,800.6640625,2000.0,5000.0,scVI,scVI,scVI,scVI_reference_analysis,scvi,,,,,,,,,,,,,,,,,,,,,deep
15,0.0310156815280899,0.0757574444235959,0.0763539488838899,0.0751701879288613,-0.0785350799560546,0.5301319689605184,scVI reference analysis,celltype_15,scVI,Python modern,5,1,20.0,2000,3000.0,11.347704648971558,798.59375,2000.0,5000.0,scVI,scVI,scVI,scVI_reference_analysis,scvi,,,,,,,,,,,,,,,,,,,,,deep
15,0.0252276575250702,0.0720053727017208,0.0726196665452903,0.0714013843755436,-0.0746150761842727,0.5292038202438816,scVI reference analysis,celltype_15,scVI,Python modern,5,2,20.0,2000,3000.0,11.556303262710571,790.86328125,2000.0,5000.0,scVI,scVI,scVI,scVI_reference_analysis,scvi,,,,,,,,,,,,,,,,,,,,,deep
15,0.0646001820127456,0.123413972476345,0.1248893966675494,0.1219730021233085,-0.0240279119461774,0.5539845314232114,scVI reference analysis,celltype_15,scVI,Python modern,10,0,20.0,2000,3000.0,11.455483198165894,803.35546875,2000.0,5000.0,scVI,scVI,scVI,scVI_reference_analysis,scvi,,,,,,,,,,,,,,,,,,,,,deep
15,0.0456862678961838,0.0970669900344661,0.0979790933640689,0.0961717119130048,-0.0439645312726497,0.5505243199454251,scVI reference analysis,celltype_15,scVI,Python modern,10,1,20.0,2000,3000.0,10.739529609680176,799.4609375,2000.0,5000.0,scVI,scVI,scVI,scVI_reference_analysis,scvi,,,,,,,,,,,,,,,,,,,,,deep
15,0.0408127303227377,0.0993126604411179,0.1003612055652655,0.0982857985746433,-0.0567107833921909,0.5391058923850942,scVI reference analysis,celltype_15,scVI,Python modern,10,2,20.0,2000,3000.0,11.34933876991272,799.89453125,2000.0,5000.0,scVI,scVI,scVI,scVI_reference_analysis,scvi,,,,,,,,,,,,,,,,,,,,,deep
15,0.0493989138065919,0.110751100197049,0.1119766066912839,0.1095521279454206,-0.027676835656166,0.5551151445382451,scVI reference analysis,celltype_15,scVI,Python modern,20,0,20.0,2000,3000.0,11.34435510635376,799.93359375,2000.0,5000.0,scVI,scVI,scVI,scVI_reference_analysis,scvi,,,,,,,,,,,,,,,,,,,,,deep
15,0.0994001072866771,0.1619335704182497,0.1635162053725425,0.1603812776928131,-0.0109098311513662,0.5745370853585743,scVI reference analysis,celltype_15,scVI,Python modern,20,1,20.0,2000,3000.0,11.402583360671995,811.71875,2000.0,5000.0,scVI,scVI,scVI,scVI_reference_analysis,scvi,,,,,,,,,,,,,,,,,,,,,deep
15,0.0571327470916239,0.1143343075525793,0.1155294222816036,0.1131636658135895,-0.0194532349705696,0.5471660953355504,scVI reference analysis,celltype_15,scVI,Python modern,20,2,20.0,2000,3000.0,11.195108652114868,799.89453125,2000.0,5000.0,scVI,scVI,scVI,scVI_reference_analysis,scvi,,,,,,,,,,,,,,,,,,,,,deep
15,0.0889071201949417,0.1369001861464638,0.138552214441209,0.1352870895906357,-0.0055616372264921,0.5699842329666581,scVI reference analysis,celltype_15,scVI,Python modern,50,0,20.0,2000,3000.0,11.846994400024414,795.33984375,2000.0,5000.0,scVI,scVI,scVI,scVI_reference_analysis,scvi,,,,,,,,,,,,,,,,,,,,,deep
15,0.1030733658368952,0.1686326602931707,0.1704547731516259,0.1668490911458986,-0.0046624997630715,0.5934332395327022,scVI reference analysis,celltype_15,scVI,Python modern,50,1,20.0,2000,3000.0,11.3247652053833,805.2578125,2000.0,5000.0,scVI,scVI,scVI,scVI_reference_analysis,scvi,,,,,,,,,,,,,,,,,,,,,deep
15,0.0674478111551454,0.131548039044961,0.132941748117604,0.1301832489936962,-0.0159592814743518,0.5634477274665302,scVI reference analysis,celltype_15,scVI,Python modern,50,2,20.0,2000,3000.0,11.620352983474731,806.53125,2000.0,5000.0,scVI,scVI,scVI,scVI_reference_analysis,scvi,,,,,,,,,,,,,,,,,,,,,deep
5,0.0306540850813009,0.0445410864475926,0.0455081028733598,0.0436143118020213,-0.088686965405941,0.5210684318239959,scVI reference analysis,dropout_0,scVI,Python modern,2,0,20.0,2000,3000.0,11.337135314941406,792.26953125,2000.0,5000.0,scVI,scVI,scVI,scVI_reference_analysis,scvi,,,,,,,,,,,,,,,,,,,,,deep
5,0.1692089627579717,0.1848698276575388,0.186251901488244,0.1835081139782431,-0.018375027924776,0.5480589153236122,scVI reference analysis,dropout_0,scVI,Python modern,2,1,20.0,2000,3000.0,11.340956926345823,790.77734375,2000.0,5000.0,scVI,scVI,scVI,scVI_reference_analysis,scvi,,,,,,,,,,,,,,,,,,,,,deep
5,0.0801181935781352,0.087480650137668,0.0893381967422208,0.0856987754726478,-0.0549152754247188,0.5297950370938859,scVI reference analysis,dropout_0,scVI,Python modern,2,2,20.0,2000,3000.0,11.231960773468018,804.07421875,2000.0,5000.0,scVI,scVI,scVI,scVI_reference_analysis,scvi,,,,,,,,,,,,,,,,,,,,,deep
5,0.3003424542517477,0.304227497552242,0.3094409905906229,0.2991867686794802,0.0910840854048729,0.5938653278758421,scVI reference analysis,dropout_0,scVI,Python modern,5,0,20.0,2000,3000.0,11.397860050201416,791.04296875,2000.0,5000.0,scVI,scVI,scVI,scVI_reference_analysis,scvi,,,,,,,,,,,,,,,,,,,,,deep
5,0.4265399397641953,0.3985664966465266,0.4050475819481834,0.3922895500600074,0.1353024244308471,0.6029496972797816,scVI reference analysis,dropout_0,scVI,Python modern,5,1,20.0,2000,3000.0,10.98138952255249,797.07421875,2000.0,5000.0,scVI,scVI,scVI,scVI_reference_analysis,scvi,,,,,,,,,,,,,,,,,,,,,deep
5,0.4504209866132158,0.402933135351928,0.409462592275857,0.3966086525749974,0.1370308399200439,0.6054229982092607,scVI reference analysis,dropout_0,scVI,Python modern,5,2,20.0,2000,3000.0,10.880648612976074,796.58984375,2000.0,5000.0,scVI,scVI,scVI,scVI_reference_analysis,scvi,,,,,,,,,,,,,,,,,,,,,deep
5,0.7375838065054562,0.6761706290094299,0.6843401673456998,0.6681938427922428,0.2187408059835434,0.6533126971945085,scVI reference analysis,dropout_0,scVI,Python modern,10,0,20.0,2000,3000.0,11.382285356521606,791.04296875,2000.0,5000.0,scVI,scVI,scVI,scVI_reference_analysis,scvi,,,,,,,,,,,,,,,,,,,,,deep
5,0.7525456080462997,0.667992061575849,0.6705266658081565,0.665476546894227,0.2091997116804123,0.6474919843097127,scVI reference analysis,dropout_0,scVI,Python modern,10,1,20.0,2000,3000.0,11.128441333770752,792.3359375,2000.0,5000.0,scVI,scVI,scVI,scVI_reference_analysis,scvi,,,,,,,,,,,,,,,,,,,,,deep
5,0.72962099697509,0.6671645098519271,0.6726944580893746,0.6617247392230221,0.2215186506509781,0.6475211136693102,scVI reference analysis,dropout_0,scVI,Python modern,10,2,20.0,2000,3000.0,10.965211391448976,795.45703125,2000.0,5000.0,scVI,scVI,scVI,scVI_reference_analysis,scvi,,,,,,,,,,,,,,,,,,,,,deep
5,0.8255411514419618,0.7568040818549724,0.7604106591526981,0.7532315545738794,0.2418694496154785,0.6518676728916176,scVI reference analysis,dropout_0,scVI,Python modern,20,0,20.0,2000,3000.0,10.902674913406372,800.3828125,2000.0,5000.0,scVI,scVI,scVI,scVI_reference_analysis,scvi,,,,,,,,,,,,,,,,,,,,,deep
5,0.7325252868212349,0.7742848797782964,0.7877748611897598,0.7612491291999014,0.2243044525384903,0.6765374776157584,scVI reference analysis,dropout_0,scVI,Python modern,20,1,20.0,2000,3000.0,11.533573627471924,804.515625,2000.0,5000.0,scVI,scVI,scVI,scVI_reference_analysis,scvi,,,,,,,,,,,,,,,,,,,,,deep
5,0.8290633878672211,0.7665832951359216,0.7714041180542079,0.7618223526269928,0.2302893102169037,0.6667655581137546,scVI reference analysis,dropout_0,scVI,Python modern,20,2,20.0,2000,3000.0,11.2193124294281,792.93359375,2000.0,5000.0,scVI,scVI,scVI,scVI_reference_analysis,scvi,,,,,,,,,,,,,,,,,,,,,deep
5,0.7460765776991145,0.7923677486405849,0.8056824338561785,0.7794859851978817,0.1871270984411239,0.6782207811034364,scVI reference analysis,dropout_0,scVI,Python modern,50,0,20.0,2000,3000.0,11.199163436889648,796.85546875,2000.0,5000.0,scVI,scVI,scVI,scVI_reference_analysis,scvi,,,,,,,,,,,,,,,,,,,,,deep
5,0.880477182491667,0.8213712929717804,0.8238443917888237,0.8189129977086455,0.2047007381916046,0.6946325999829454,scVI reference analysis,dropout_0,scVI,Python modern,50,1,20.0,2000,3000.0,11.532982110977173,795.1328125,2000.0,5000.0,scVI,scVI,scVI,scVI_reference_analysis,scvi,,,,,,,,,,,,,,,,,,,,,deep
5,0.9352622687781252,0.8913846104651403,0.8941503505292843,0.8886359273323696,0.233523428440094,0.6870892811460731,scVI reference analysis,dropout_0,scVI,Python modern,50,2,20.0,2000,3000.0,11.3625168800354,806.9296875,2000.0,5000.0,scVI,scVI,scVI,scVI_reference_analysis,scvi,,,,,,,,,,,,,,,,,,,,,deep
5,0.0271490183074389,0.0306966356935542,0.0313763180061981,0.0300457759440202,-0.046264536678791,0.521708894005287,scVI reference analysis,dropout_2,scVI,Python modern,2,0,20.0,2000,3000.0,11.093255758285522,798.80078125,2000.0,5000.0,scVI,scVI,scVI,scVI_reference_analysis,scvi,,,,,,,,,,,,,,,,,,,,,deep
5,0.0761961636880685,0.0817020118286022,0.0829023512025947,0.0805359356774121,-0.0397200100123882,0.5313984650805832,scVI reference analysis,dropout_2,scVI,Python modern,2,1,20.0,2000,3000.0,11.340808153152466,796.86328125,2000.0,5000.0,scVI,scVI,scVI,scVI_reference_analysis,scvi,,,,,,,,,,,,,,,,,,,,,deep
5,0.0189755890227588,0.0279833521526142,0.0284472983048648,0.0275342961260729,-0.0693661123514175,0.5233375628890594,scVI reference analysis,dropout_2,scVI,Python modern,2,2,20.0,2000,3000.0,11.010261058807371,790.58984375,2000.0,5000.0,scVI,scVI,scVI,scVI_reference_analysis,scvi,,,,,,,,,,,,,,,,,,,,,deep
5,0.20438036140286,0.193374046795666,0.1970109957201188,0.1898689446987749,0.0310104414820671,0.5861322333077513,scVI reference analysis,dropout_2,scVI,Python modern,5,0,20.0,2000,3000.0,10.957842826843262,793.453125,2000.0,5000.0,scVI,scVI,scVI,scVI_reference_analysis,scvi,,,,,,,,,,,,,,,,,,,,,deep
5,0.1030024243815616,0.1203818221260574,0.1228604414095035,0.1180012337919148,-0.0099699003621935,0.5669094312270828,scVI reference analysis,dropout_2,scVI,Python modern,5,1,20.0,2000,3000.0,11.365145206451416,802.5703125,2000.0,5000.0,scVI,scVI,scVI,scVI_reference_analysis,scvi,,,,,,,,,,,,,,,,,,,,,deep
5,0.0746332413674197,0.0755174532669443,0.0772007452284619,0.0739060002205899,-0.0066464846022427,0.5630475825019186,scVI reference analysis,dropout_2,scVI,Python modern,5,2,20.0,2000,3000.0,10.462505340576172,781.28125,2000.0,5000.0,scVI,scVI,scVI,scVI_reference_analysis,scvi,,,,,,,,,,,,,,,,,,,,,deep
5,0.4058965119187949,0.3497098739288616,0.3551249537757998,0.3444574561278221,0.0922787487506866,0.6236875330434041,scVI reference analysis,dropout_2,scVI,Python modern,10,0,20.0,2000,3000.0,11.20966625213623,806.0859375,2000.0,5000.0,scVI,scVI,scVI,scVI_reference_analysis,scvi,,,,,,,,,,,,,,,,,,,,,deep
5,0.3813549223697525,0.3613780677946005,0.3670604209432225,0.3558689662261564,0.0997953712940216,0.6286289588129956,scVI reference analysis,dropout_2,scVI,Python modern,10,1,20.0,2000,3000.0,11.197003364562988,795.0078125,2000.0,5000.0,scVI,scVI,scVI,scVI_reference_analysis,scvi,,,,,,,,,,,,,,,,,,,,,deep
5,0.2857673341148388,0.2770964615009085,0.28305681578687,0.2713819460570146,0.063406653702259,0.6247232796111537,scVI reference analysis,dropout_2,scVI,Python modern,10,2,20.0,2000,3000.0,10.89083170890808,796.83203125,2000.0,5000.0,scVI,scVI,scVI,scVI_reference_analysis,scvi,,,,,,,,,,,,,,,,,,,,,deep
5,0.553213186183096,0.5114994998931935,0.5189415498723811,0.5042678824119345,0.0804114788770675,0.6466403172166795,scVI reference analysis,dropout_2,scVI,Python modern,20,0,20.0,2000,3000.0,11.144323587417604,792.52734375,2000.0,5000.0,scVI,scVI,scVI,scVI_reference_analysis,scvi,,,,,,,,,,,,,,,,,,,,,deep
5,0.4973605109102108,0.4377929270590615,0.4454430454000784,0.430401141066952,0.0691027119755745,0.6464158437793126,scVI reference analysis,dropout_2,scVI,Python modern,20,1,20.0,2000,3000.0,10.990087270736694,804.4140625,2000.0,5000.0,scVI,scVI,scVI,scVI_reference_analysis,scvi,,,,,,,,,,,,,,,,,,,,,deep
5,0.4685410133548032,0.4680752118662689,0.4771198408258944,0.459367116397268,0.0728486329317092,0.6460055854012109,scVI reference analysis,dropout_2,scVI,Python modern,20,2,20.0,2000,3000.0,10.92702317237854,803.0390625,2000.0,5000.0,scVI,scVI,scVI,scVI_reference_analysis,scvi,,,,,,,,,,,,,,,,,,,,,deep
5,0.4853305791798183,0.4890219407509677,0.4990602428102081,0.4793795051079566,0.0649345368146896,0.6555238253602798,scVI reference analysis,dropout_2,scVI,Python modern,50,0,20.0,2000,3000.0,11.123973846435549,799.8203125,2000.0,5000.0,scVI,scVI,scVI,scVI_reference_analysis,scvi,,,,,,,,,,,,,,,,,,,,,deep
5,0.6803744727835073,0.6038759921651956,0.6105950153812763,0.5973032325043092,0.0712121874094009,0.6686497143344419,scVI reference analysis,dropout_2,scVI,Python modern,50,1,20.0,2000,3000.0,11.22447919845581,801.1171875,2000.0,5000.0,scVI,scVI,scVI,scVI_reference_analysis,scvi,,,,,,,,,,,,,,,,,,,,,deep
5,0.5587202742297482,0.5452968860998069,0.555624204106733,0.5353464678556658,0.05755165964365,0.6552435064381342,scVI reference analysis,dropout_2,scVI,Python modern,50,2,20.0,2000,3000.0,11.32278037071228,800.671875,2000.0,5000.0,scVI,scVI,scVI,scVI_reference_analysis,scvi,,,,,,,,,,,,,,,,,,,,,deep
5,0.0659734698564075,0.0879268480486754,0.0875994815558729,0.0882566705108452,-0.0578952580690383,0.7622632727892896,scVI reference analysis,batch_0.2,scVI,Python modern,2,0,20.0,2000,3000.0,11.359362125396729,791.078125,2000.0,5000.0,scVI,scVI,scVI,scVI_reference_analysis,scvi,,,,,,,,,,,,,,,,,,,,,deep
5,0.0123302550164874,0.0170345755038643,0.0161860674919547,0.0179769662286282,-0.0633855685591697,0.7468584719024474,scVI reference analysis,batch_0.2,scVI,Python modern,2,1,20.0,2000,3000.0,11.283589124679564,796.6484375,2000.0,5000.0,scVI,scVI,scVI,scVI_reference_analysis,scvi,,,,,,,,,,,,,,,,,,,,,deep
5,0.0332891220068425,0.0366647448339599,0.034892523467897,0.0386266244078901,-0.058343231678009,0.7511185554702823,scVI reference analysis,batch_0.2,scVI,Python modern,2,2,20.0,2000,3000.0,11.917245864868164,786.671875,2000.0,5000.0,scVI,scVI,scVI,scVI_reference_analysis,scvi,,,,,,,,,,,,,,,,,,,,,deep
5,0.0036599205776445,0.0071722262780289,0.0068239595111666,0.007557953049771,-0.063960812985897,0.7594369403939627,scVI reference analysis,batch_0.2,scVI,Python modern,5,0,20.0,2000,3000.0,11.624410390853882,806.97265625,2000.0,5000.0,scVI,scVI,scVI,scVI_reference_analysis,scvi,,,,,,,,,,,,,,,,,,,,,deep
5,0.0255446422849035,0.0403191689092453,0.0384226766674039,0.0424125983828249,-0.0691587403416633,0.7663177539012536,scVI reference analysis,batch_0.2,scVI,Python modern,5,1,20.0,2000,3000.0,11.41409707069397,802.3046875,2000.0,5000.0,scVI,scVI,scVI,scVI_reference_analysis,scvi,,,,,,,,,,,,,,,,,,,,,deep
5,0.025455634244277,0.0307112085413997,0.0293396194266974,0.0322173267365258,-0.059930432587862,0.773441101731048,scVI reference analysis,batch_0.2,scVI,Python modern,5,2,20.0,2000,3000.0,11.38569188117981,802.953125,2000.0,5000.0,scVI,scVI,scVI,scVI_reference_analysis,scvi,,,,,,,,,,,,,,,,,,,,,deep
5,0.0448290324364886,0.0722139204929382,0.0732851107673377,0.0711735937388562,-0.0623035281896591,0.7949245331286774,scVI reference analysis,batch_0.2,scVI,Python modern,10,0,20.0,2000,3000.0,11.439480781555176,800.09375,2000.0,5000.0,scVI,scVI,scVI,scVI_reference_analysis,scvi,,,,,,,,,,,,,,,,,,,,,deep
5,0.0832657713068561,0.1074097288530991,0.1089037354882069,0.1059561588389369,-0.0576174072921276,0.7901057474204827,scVI reference analysis,batch_0.2,scVI,Python modern,10,1,20.0,2000,3000.0,10.988725185394289,795.44140625,2000.0,5000.0,scVI,scVI,scVI,scVI_reference_analysis,scvi,,,,,,,,,,,,,,,,,,,,,deep
5,0.0202739243287903,0.0259118298156551,0.0245725950869993,0.0274054588833799,-0.0603794157505035,0.7814408885477957,scVI reference analysis,batch_0.2,scVI,Python modern,10,2,20.0,2000,3000.0,11.442996740341188,793.80859375,2000.0,5000.0,scVI,scVI,scVI,scVI_reference_analysis,scvi,,,,,,,,,,,,,,,,,,,,,deep
5,0.0062605492026518,0.0102857631226293,0.0097915015873518,0.0108325766978428,-0.059073083102703,0.79183670162872,scVI reference analysis,batch_0.2,scVI,Python modern,20,0,20.0,2000,3000.0,11.368667840957642,792.484375,2000.0,5000.0,scVI,scVI,scVI,scVI_reference_analysis,scvi,,,,,,,,,,,,,,,,,,,,,deep
5,0.0045848475450465,0.0123742430315131,0.0122627713043838,0.0124877599630867,-0.0619382113218307,0.7949863989085018,scVI reference analysis,batch_0.2,scVI,Python modern,20,1,20.0,2000,3000.0,11.320165872573853,792.5546875,2000.0,5000.0,scVI,scVI,scVI,scVI_reference_analysis,scvi,,,,,,,,,,,,,,,,,,,,,deep
5,0.0941847139525957,0.1283888335136185,0.130186846995123,0.1266398082640671,-0.0578205101191997,0.8126259913021233,scVI reference analysis,batch_0.2,scVI,Python modern,20,2,20.0,2000,3000.0,11.221104621887209,799.15625,2000.0,5000.0,scVI,scVI,scVI,scVI_reference_analysis,scvi,,,,,,,,,,,,,,,,,,,,,deep
5,0.1384982470527984,0.1805340140233619,0.1823475227118947,0.1787562220522951,-0.0525690168142318,0.8288423808305619,scVI reference analysis,batch_0.2,scVI,Python modern,50,0,20.0,2000,3000.0,11.722506046295166,795.5234375,2000.0,5000.0,scVI,scVI,scVI,scVI_reference_analysis,scvi,,,,,,,,,,,,,,,,,,,,,deep
5,0.071250668487991,0.0956402773143053,0.0971774629183965,0.0941509658528422,-0.0516824275255203,0.8243309286262471,scVI reference analysis,batch_0.2,scVI,Python modern,50,1,20.0,2000,3000.0,11.436885356903076,795.3828125,2000.0,5000.0,scVI,scVI,scVI,scVI_reference_analysis,scvi,,,,,,,,,,,,,,,,,,,,,deep
5,0.0676850229697946,0.0893740790423891,0.0908428308648544,0.0879520652749586,-0.0531615987420082,0.8258331798413916,scVI reference analysis,batch_0.2,scVI,Python modern,50,2,20.0,2000,3000.0,11.613221645355225,795.1328125,2000.0,5000.0,scVI,scVI,scVI,scVI_reference_analysis,scvi,,,,,,,,,,,,,,,,,,,,,deep
5,0.0012722538805938,0.0087191685424943,0.0087388324066482,0.0086995929737604,-0.0660289525985717,0.7658272277649868,scVI reference analysis,batch_1.0,scVI,Python modern,2,0,20.0,2000,3000.0,11.419896602630615,792.12890625,2000.0,5000.0,scVI,scVI,scVI,scVI_reference_analysis,scvi,,,,,,,,,,,,,,,,,,,,,deep
5,0.0010213109659249,0.0051208066866755,0.0051700230760553,0.0050725184988085,-0.0664234980940818,0.7646378272362924,scVI reference analysis,batch_1.0,scVI,Python modern,2,1,20.0,2000,3000.0,10.86912488937378,800.88671875,2000.0,5000.0,scVI,scVI,scVI,scVI_reference_analysis,scvi,,,,,,,,,,,,,,,,,,,,,deep
5,0.0094438002303516,0.0160220198249044,0.0152795753472886,0.0168403009730825,-0.0688894242048263,0.7656325488189648,scVI reference analysis,batch_1.0,scVI,Python modern,2,2,20.0,2000,3000.0,11.2125825881958,797.0703125,2000.0,5000.0,scVI,scVI,scVI,scVI_reference_analysis,scvi,,,,,,,,,,,,,,,,,,,,,deep
5,0.0241015576992715,0.0266481325844947,0.0253342587009299,0.028105739767508,-0.0649238750338554,0.7754162957278077,scVI reference analysis,batch_1.0,scVI,Python modern,5,0,20.0,2000,3000.0,11.189039707183838,798.30859375,2000.0,5000.0,scVI,scVI,scVI,scVI_reference_analysis,scvi,,,,,,,,,,,,,,,,,,,,,deep
5,0.0056859352941532,0.0083694601996292,0.0083646114792226,0.0083743145446187,-0.066679336130619,0.774941468406242,scVI reference analysis,batch_1.0,scVI,Python modern,5,1,20.0,2000,3000.0,10.984483480453491,798.0390625,2000.0,5000.0,scVI,scVI,scVI,scVI_reference_analysis,scvi,,,,,,,,,,,,,,,,,,,,,deep
5,0.0015419849784931,0.005439369555555,0.0054912139828275,0.005388494933917,-0.0666817426681518,0.7743438219493477,scVI reference analysis,batch_1.0,scVI,Python modern,5,2,20.0,2000,3000.0,10.735790252685549,795.34765625,2000.0,5000.0,scVI,scVI,scVI,scVI_reference_analysis,scvi,,,,,,,,,,,,,,,,,,,,,deep
5,0.0059757297426415,0.0093618597971075,0.0094474840571219,0.0092777736532372,-0.0655470564961433,0.7843216679457662,scVI reference analysis,batch_1.0,scVI,Python modern,10,0,20.0,2000,3000.0,11.718225717544556,802.4921875,2000.0,5000.0,scVI,scVI,scVI,scVI_reference_analysis,scvi,,,,,,,,,,,,,,,,,,,,,deep
5,0.0031673540147499,0.0084882684483328,0.0085269968954504,0.0084498902091792,-0.0652186647057533,0.7860471817174043,scVI reference analysis,batch_1.0,scVI,Python modern,10,1,20.0,2000,3000.0,11.040719509124756,793.75,2000.0,5000.0,scVI,scVI,scVI,scVI_reference_analysis,scvi,,,,,,,,,,,,,,,,,,,,,deep
5,0.0048935789476513,0.0082375532087982,0.0083047465578773,0.0081714384499171,-0.066371813416481,0.7827601773684659,scVI reference analysis,batch_1.0,scVI,Python modern,10,2,20.0,2000,3000.0,11.130346059799194,791.31640625,2000.0,5000.0,scVI,scVI,scVI,scVI_reference_analysis,scvi,,,,,,,,,,,,,,,,,,,,,deep
5,0.0012059438926805,0.0051240515060253,0.004876823662838,0.0053976840760303,-0.0653420537710189,0.7918526818453142,scVI reference analysis,batch_1.0,scVI,Python modern,20,0,20.0,2000,3000.0,11.102096796035768,791.96484375,2000.0,5000.0,scVI,scVI,scVI,scVI_reference_analysis,scvi,,,,,,,,,,,,,,,,,,,,,deep
5,0.0090384757714857,0.0194708373204659,0.0196278051012745,0.0193163602312977,-0.0646352991461753,0.7950823057900571,scVI reference analysis,batch_1.0,scVI,Python modern,20,1,20.0,2000,3000.0,11.12125039100647,798.25390625,2000.0,5000.0,scVI,scVI,scVI,scVI_reference_analysis,scvi,,,,,,,,,,,,,,,,,,,,,deep
5,0.0056752135904457,0.0110133020491876,0.0111098935912062,0.0109183756012425,-0.0665481388568878,0.7872970921804383,scVI reference analysis,batch_1.0,scVI,Python modern,20,2,20.0,2000,3000.0,11.475329399108888,804.41015625,2000.0,5000.0,scVI,scVI,scVI,scVI_reference_analysis,scvi,,,,,,,,,,,,,,,,,,,,,deep
5,0.0026240214593156,0.0064593647632861,0.0065113658540861,0.0064081876743946,-0.0660852193832397,0.8017784088002047,scVI reference analysis,batch_1.0,scVI,Python modern,50,0,20.0,2000,3000.0,11.094819784164429,802.4375,2000.0,5000.0,scVI,scVI,scVI,scVI_reference_analysis,scvi,,,,,,,,,,,,,,,,,,,,,deep
5,0.0020493858326758,0.0073758149751726,0.0074339818882754,0.00731855124482,-0.0646656528115272,0.813687251641511,scVI reference analysis,batch_1.0,scVI,Python modern,50,1,20.0,2000,3000.0,11.56608247756958,797.01171875,2000.0,5000.0,scVI,scVI,scVI,scVI_reference_analysis,scvi,,,,,,,,,,,,,,,,,,,,,deep
5,0.0090195767651867,0.012311040983623,0.012376086979656,0.0122466751477664,-0.0653350949287414,0.8013557943207982,scVI reference analysis,batch_1.0,scVI,Python modern,50,2,20.0,2000,3000.0,11.333298683166504,804.08984375,2000.0,5000.0,scVI,scVI,scVI,scVI_reference_analysis,scvi,,,,,,,,,,,,,,,,,,,,,deep
5,0.2084307632451873,0.212366585907003,0.2158005719948426,0.2090401764763712,0.0309556927531957,0.545908169182229,scVI reference analysis,gene_5k,scVI,Python modern,2,0,20.0,2000,3000.0,11.26980209350586,802.13671875,2000.0,5000.0,scVI,scVI,scVI,scVI_reference_analysis,scvi,,,,,,,,,,,,,,,,,,,,,deep
5,0.4484634614898179,0.3792397819380787,0.3819111218318939,0.376605552716426,0.2203629463911056,0.5722158864159632,scVI reference analysis,gene_5k,scVI,Python modern,2,1,20.0,2000,3000.0,11.57987904548645,790.71875,2000.0,5000.0,scVI,scVI,scVI,scVI_reference_analysis,scvi,,,,,,,,,,,,,,,,,,,,,deep
5,0.3001244938157977,0.2941402139329975,0.2924971142339952,0.2958018781109888,0.0823681056499481,0.5536973480003411,scVI reference analysis,gene_5k,scVI,Python modern,2,2,20.0,2000,3000.0,11.251975774765016,794.03125,2000.0,5000.0,scVI,scVI,scVI,scVI_reference_analysis,scvi,,,,,,,,,,,,,,,,,,,,,deep
5,0.7023158745122816,0.6954964538427693,0.7003821871543842,0.6906784122247634,0.3824772238731384,0.6301888462522385,scVI reference analysis,gene_5k,scVI,Python modern,5,0,20.0,2000,3000.0,11.11396622657776,801.25390625,2000.0,5000.0,scVI,scVI,scVI,scVI_reference_analysis,scvi,,,,,,,,,,,,,,,,,,,,,deep
5,0.8565361239595576,0.805788541934129,0.8106065205899228,0.8010274978402698,0.4068909883499145,0.6419748017395753,scVI reference analysis,gene_5k,scVI,Python modern,5,1,20.0,2000,3000.0,11.47171688079834,790.96875,2000.0,5000.0,scVI,scVI,scVI,scVI_reference_analysis,scvi,,,,,,,,,,,,,,,,,,,,,deep
5,0.6424658802689002,0.6756484831161298,0.6773403445727952,0.6739650524677916,0.3333176970481872,0.6322192802933402,scVI reference analysis,gene_5k,scVI,Python modern,5,2,20.0,2000,3000.0,11.441307306289673,791.1484375,2000.0,5000.0,scVI,scVI,scVI,scVI_reference_analysis,scvi,,,,,,,,,,,,,,,,,,,,,deep
5,0.932075626190004,0.8853694344512049,0.8871583061513313,0.8835877624183687,0.3889455497264862,0.6675343736676047,scVI reference analysis,gene_5k,scVI,Python modern,10,0,20.0,2000,3000.0,11.473785877227783,796.85546875,2000.0,5000.0,scVI,scVI,scVI,scVI_reference_analysis,scvi,,,,,,,,,,,,,,,,,,,,,deep
5,0.8716043287292295,0.812069657144786,0.8146246087375681,0.8095306819125454,0.3451907932758331,0.6602066768994628,scVI reference analysis,gene_5k,scVI,Python modern,10,1,20.0,2000,3000.0,11.349714994430542,799.61328125,2000.0,5000.0,scVI,scVI,scVI,scVI_reference_analysis,scvi,,,,,,,,,,,,,,,,,,,,,deep
5,0.9175428004217212,0.874134540076649,0.8749869046172996,0.8732838345739882,0.3686179220676422,0.67322018419033,scVI reference analysis,gene_5k,scVI,Python modern,10,2,20.0,2000,3000.0,11.390432834625244,800.04296875,2000.0,5000.0,scVI,scVI,scVI,scVI_reference_analysis,scvi,,,,,,,,,,,,,,,,,,,,,deep
5,0.981360367804002,0.9621726633235002,0.9629016173483644,0.9614448121569018,0.448366641998291,0.6896886074869958,scVI reference analysis,gene_5k,scVI,Python modern,20,0,20.0,2000,3000.0,11.330560207366943,792.66015625,2000.0,5000.0,scVI,scVI,scVI,scVI_reference_analysis,scvi,,,,,,,,,,,,,,,,,,,,,deep
5,0.9827851611198786,0.9684537946055676,0.9686991554747644,0.968208557999329,0.4395324289798736,0.6947774963758847,scVI reference analysis,gene_5k,scVI,Python modern,20,1,20.0,2000,3000.0,11.326323509216309,797.546875,2000.0,5000.0,scVI,scVI,scVI,scVI_reference_analysis,scvi,,,,,,,,,,,,,,,,,,,,,deep
5,0.9808425483523008,0.9624842609985796,0.9636381349704258,0.9613331470519628,0.3976616263389587,0.6721588812142918,scVI reference analysis,gene_5k,scVI,Python modern,20,2,20.0,2000,3000.0,11.65561819076538,804.265625,2000.0,5000.0,scVI,scVI,scVI,scVI_reference_analysis,scvi,,,,,,,,,,,,,,,,,,,,,deep
5,0.9879355735275114,0.9760567924190264,0.976330490603768,0.9757832476448424,0.4704244136810303,0.7090674426537051,scVI reference analysis,gene_5k,scVI,Python modern,50,0,20.0,2000,3000.0,11.52713918685913,809.84375,2000.0,5000.0,scVI,scVI,scVI,scVI_reference_analysis,scvi,,,,,,,,,,,,,,,,,,,,,deep
5,0.9748633415748666,0.9517987355827128,0.9529143878278784,0.9506856926472752,0.4396351277828216,0.7107968107785452,scVI reference analysis,gene_5k,scVI,Python modern,50,1,20.0,2000,3000.0,11.285032510757446,804.265625,2000.0,5000.0,scVI,scVI,scVI,scVI_reference_analysis,scvi,,,,,,,,,,,,,,,,,,,,,deep
5,0.9829309674911912,0.9662668208861264,0.9664661082804988,0.9660676156617904,0.4561794400215149,0.6980241067621727,scVI reference analysis,gene_5k,scVI,Python modern,50,2,20.0,2000,3000.0,11.296269178390505,806.453125,2000.0,5000.0,scVI,scVI,scVI,scVI_reference_analysis,scvi,,,,,,,,,,,,,,,,,,,,,deep
5,0.0419102662123343,0.0539618240965039,0.0551669652641721,0.0528082107260368,-0.0904068648815155,0.5228809584719024,scVI reference analysis,gene_5w,scVI,Python modern,2,0,20.0,2000,3000.0,11.194408655166626,791.02734375,2000.0,5000.0,scVI,scVI,scVI,scVI_reference_analysis,scvi,,,,,,,,,,,,,,,,,,,,,deep
5,0.1246499168971877,0.1373120793953688,0.1393770278469744,0.1353074243901555,-0.0321010276675224,0.5472447087916773,scVI reference analysis,gene_5w,scVI,Python modern,2,1,20.0,2000,3000.0,11.053529977798462,792.31640625,2000.0,5000.0,scVI,scVI,scVI,scVI_reference_analysis,scvi,,,,,,,,,,,,,,,,,,,,,deep
5,0.1975088345759429,0.244889198615789,0.2499144331490102,0.2400620735595548,0.033787053078413,0.5732635968278332,scVI reference analysis,gene_5w,scVI,Python modern,2,2,20.0,2000,3000.0,10.840243339538574,796.796875,2000.0,5000.0,scVI,scVI,scVI,scVI_reference_analysis,scvi,,,,,,,,,,,,,,,,,,,,,deep
5,0.673984270369306,0.6860687988332606,0.6961029481265443,0.6763198183900706,0.3093490600585937,0.6721577811887098,scVI reference analysis,gene_5w,scVI,Python modern,5,0,20.0,2000,3000.0,11.252058744430542,796.80859375,2000.0,5000.0,scVI,scVI,scVI,scVI_reference_analysis,scvi,,,,,,,,,,,,,,,,,,,,,deep
5,0.7300263731831096,0.6587014790025976,0.6593009789430253,0.6581030683178685,0.2943046987056732,0.6676964867400017,scVI reference analysis,gene_5w,scVI,Python modern,5,1,20.0,2000,3000.0,11.23579239845276,796.4140625,2000.0,5000.0,scVI,scVI,scVI,scVI_reference_analysis,scvi,,,,,,,,,,,,,,,,,,,,,deep
5,0.606890939632825,0.5923204640149415,0.6003396077572564,0.5845127306162812,0.2834918797016144,0.6585898695318495,scVI reference analysis,gene_5w,scVI,Python modern,5,2,20.0,2000,3000.0,11.041177749633787,798.390625,2000.0,5000.0,scVI,scVI,scVI,scVI_reference_analysis,scvi,,,,,,,,,,,,,,,,,,,,,deep
5,0.9104678627810184,0.8633537362761722,0.8647078280991195,0.862003878710898,0.3890040218830108,0.7009366675193996,scVI reference analysis,gene_5w,scVI,Python modern,10,0,20.0,2000,3000.0,11.244914531707764,797.05859375,2000.0,5000.0,scVI,scVI,scVI,scVI_reference_analysis,scvi,,,,,,,,,,,,,,,,,,,,,deep
5,0.9041579879038872,0.8425338475184297,0.8436433380728505,0.8414272713532804,0.3432938754558563,0.7008060288223756,scVI reference analysis,gene_5w,scVI,Python modern,10,1,20.0,2000,3000.0,11.283455610275269,791.16796875,2000.0,5000.0,scVI,scVI,scVI,scVI_reference_analysis,scvi,,,,,,,,,,,,,,,,,,,,,deep
5,0.8991086747236587,0.8396243203228285,0.8397272315733104,0.8395214342934596,0.3272477388381958,0.7016366589920695,scVI reference analysis,gene_5w,scVI,Python modern,10,2,20.0,2000,3000.0,11.120140552520752,791.55078125,2000.0,5000.0,scVI,scVI,scVI,scVI_reference_analysis,scvi,,,,,,,,,,,,,,,,,,,,,deep
5,0.9516475367666816,0.9154400939588478,0.91548205507097,0.9153981366931236,0.297714501619339,0.716571834228703,scVI reference analysis,gene_5w,scVI,Python modern,20,0,20.0,2000,3000.0,11.463371276855469,792.52734375,2000.0,5000.0,scVI,scVI,scVI,scVI_reference_analysis,scvi,,,,,,,,,,,,,,,,,,,,,deep
5,0.9263170784538266,0.8783219233102005,0.8792150005568746,0.8774306585385819,0.2725983262062073,0.7286663426281231,scVI reference analysis,gene_5w,scVI,Python modern,20,1,20.0,2000,3000.0,11.2593252658844,801.55078125,2000.0,5000.0,scVI,scVI,scVI,scVI_reference_analysis,scvi,,,,,,,,,,,,,,,,,,,,,deep
5,0.916231709718038,0.8581101528300901,0.857376650757616,0.8588449110272203,0.3006138205528259,0.7171748443762258,scVI reference analysis,gene_5w,scVI,Python modern,20,2,20.0,2000,3000.0,11.150748491287231,798.66015625,2000.0,5000.0,scVI,scVI,scVI,scVI_reference_analysis,scvi,,,,,,,,,,,,,,,,,,,,,deep
5,0.966095387890849,0.9370960263809748,0.937227225401778,0.9369648640871752,0.254714161157608,0.7374787072567579,scVI reference analysis,gene_5w,scVI,Python modern,50,0,20.0,2000,3000.0,11.342050075531006,800.16015625,2000.0,5000.0,scVI,scVI,scVI,scVI_reference_analysis,scvi,,,,,,,,,,,,,,,,,,,,,deep
5,0.9748614907793578,0.9491591523473748,0.9494986547527592,0.9488198926399334,0.2576135993003845,0.7493733350387993,scVI reference analysis,gene_5w,scVI,Python modern,50,1,20.0,2000,3000.0,11.254790544509888,800.77734375,2000.0,5000.0,scVI,scVI,scVI,scVI_reference_analysis,scvi,,,,,,,,,,,,,,,,,,,,,deep
5,0.9440854244839968,0.9036376004410684,0.9066133995045896,0.90068127254119,0.2114532887935638,0.735007887780336,scVI reference analysis,gene_5w,scVI,Python modern,50,2,20.0,2000,3000.0,11.39531636238098,806.69140625,2000.0,5000.0,scVI,scVI,scVI,scVI_reference_analysis,scvi,,,,,,,,,,,,,,,,,,,,,deep
10,-0.0011329563245304,0.0184762415549326,0.0180830357404381,0.0188869275615148,-0.089884765446186,0.7311986729526803,scVI reference analysis,cell_1000,scVI,Python modern,2,0,20.0,1000,720.0,4.0666913986206055,624.34375,1000.0,5000.0,scVI,scVI,scVI,scVI_reference_analysis,scvi,,,,,,,,,,,,,,,,,,,,,deep
10,-0.0007468888071996,0.023058494987252,0.0221241414704221,0.0240752482427035,-0.107530377805233,0.7372722891566266,scVI reference analysis,cell_1000,scVI,Python modern,2,1,20.0,1000,720.0,4.023099184036255,625.15625,1000.0,5000.0,scVI,scVI,scVI,scVI_reference_analysis,scvi,,,,,,,,,,,,,,,,,,,,,deep
10,8.35666540689799e-05,0.020122698391931,0.0196822122418536,0.0205833519685151,-0.0795904994010925,0.7479045922821722,scVI reference analysis,cell_1000,scVI,Python modern,2,2,20.0,1000,720.0,4.117918968200684,626.15625,1000.0,5000.0,scVI,scVI,scVI,scVI_reference_analysis,scvi,,,,,,,,,,,,,,,,,,,,,deep
10,8.85811808840422e-05,0.0199148684396758,0.0194192902243617,0.0204364032714694,-0.0863467007875442,0.8053131133228566,scVI reference analysis,cell_1000,scVI,Python modern,5,0,20.0,1000,720.0,4.110008716583252,626.44140625,1000.0,5000.0,scVI,scVI,scVI,scVI_reference_analysis,scvi,,,,,,,,,,,,,,,,,,,,,deep
10,0.0004579674195535,0.0211559553087999,0.0206414612894901,0.0216967527539911,-0.0802226588129997,0.8168024445608522,scVI reference analysis,cell_1000,scVI,Python modern,5,1,20.0,1000,720.0,4.070425271987915,624.83203125,1000.0,5000.0,scVI,scVI,scVI,scVI_reference_analysis,scvi,,,,,,,,,,,,,,,,,,,,,deep
10,-0.0011302063249993,0.0205556076468823,0.019646799928232,0.021552571178625,-0.0911223515868187,0.790469984284966,scVI reference analysis,cell_1000,scVI,Python modern,5,2,20.0,1000,720.0,4.1063666343688965,626.79296875,1000.0,5000.0,scVI,scVI,scVI,scVI_reference_analysis,scvi,,,,,,,,,,,,,,,,,,,,,deep
10,0.0007041288803741,0.0203210786055248,0.0199737049724463,0.0206807488251503,-0.0693290531635284,0.821654828007683,scVI reference analysis,cell_1000,scVI,Python modern,10,0,20.0,1000,720.0,4.152841806411743,624.7578125,1000.0,5000.0,scVI,scVI,scVI,scVI_reference_analysis,scvi,,,,,,,,,,,,,,,,,,,,,deep
10,-0.001231218556569,0.0173085373706099,0.016749012099231,0.0179067381766294,-0.0772442072629928,0.8158465514230837,scVI reference analysis,cell_1000,scVI,Python modern,10,1,20.0,1000,720.0,4.12276816368103,625.55078125,1000.0,5000.0,scVI,scVI,scVI,scVI_reference_analysis,scvi,,,,,,,,,,,,,,,,,,,,,deep
10,0.0005250931685409,0.0205775555351375,0.0201360019220765,0.0210389085952455,-0.0899034738540649,0.8296377160817182,scVI reference analysis,cell_1000,scVI,Python modern,10,2,20.0,1000,720.0,4.083687782287598,626.18359375,1000.0,5000.0,scVI,scVI,scVI,scVI_reference_analysis,scvi,,,,,,,,,,,,,,,,,,,,,deep
10,0.0005879498562465,0.0198959441364886,0.0193550163538986,0.020467976573962,-0.0750398337841034,0.8295960188580409,scVI reference analysis,cell_1000,scVI,Python modern,20,0,20.0,1000,720.0,4.16883659362793,627.765625,1000.0,5000.0,scVI,scVI,scVI,scVI_reference_analysis,scvi,,,,,,,,,,,,,,,,,,,,,deep
10,-0.0005537490675489,0.0192680434840136,0.0187546543476919,0.0198103306602727,-0.076454758644104,0.8296553867644492,scVI reference analysis,cell_1000,scVI,Python modern,20,1,20.0,1000,720.0,4.147393465042114,625.69140625,1000.0,5000.0,scVI,scVI,scVI,scVI_reference_analysis,scvi,,,,,,,,,,,,,,,,,,,,,deep
10,-0.0005271492245563,0.0176538574842064,0.017141225425621,0.0181980967415114,-0.0711392313241958,0.8358889820150166,scVI reference analysis,cell_1000,scVI,Python modern,20,2,20.0,1000,720.0,4.155287981033325,626.15625,1000.0,5000.0,scVI,scVI,scVI,scVI_reference_analysis,scvi,,,,,,,,,,,,,,,,,,,,,deep
10,-0.0006927544136225,0.0176732140268125,0.0170272094737964,0.0183701698846362,-0.0715489014983177,0.8504186135847739,scVI reference analysis,cell_1000,scVI,Python modern,50,0,20.0,1000,720.0,4.208469867706299,628.31640625,1000.0,5000.0,scVI,scVI,scVI,scVI_reference_analysis,scvi,,,,,,,,,,,,,,,,,,,,,deep
10,0.0008224692523382,0.0199381793394545,0.0192707754261901,0.0206534700546494,-0.0705712735652923,0.8459462895058495,scVI reference analysis,cell_1000,scVI,Python modern,50,1,20.0,1000,720.0,4.186647415161133,626.98828125,1000.0,5000.0,scVI,scVI,scVI,scVI_reference_analysis,scvi,,,,,,,,,,,,,,,,,,,,,deep
10,-0.000506611521121,0.0188983761931904,0.0182936627284888,0.0195444350616171,-0.0704993531107902,0.8438650951632618,scVI reference analysis,cell_1000,scVI,Python modern,50,2,20.0,1000,720.0,4.201397180557251,625.3203125,1000.0,5000.0,scVI,scVI,scVI,scVI_reference_analysis,scvi,,,,,,,,,,,,,,,,,,,,,deep
10,0.000340115098723,0.0043365777237679,0.0042047050441862,0.0044769901133418,-0.0517483577132225,0.7726666666666666,scVI reference analysis,cell_5000,scVI,Python modern,2,0,20.0,5000,720.0,10.66971230506897,1180.59375,5000.0,5000.0,scVI,scVI,scVI,scVI_reference_analysis,scvi,,,,,,,,,,,,,,,,,,,,,deep
10,-0.0002261366918817,0.0029907542346016,0.002907627584854,0.0030787738123792,-0.0404641553759574,0.7743244552090691,scVI reference analysis,cell_5000,scVI,Python modern,2,1,20.0,5000,720.0,10.592982053756714,1180.515625,5000.0,5000.0,scVI,scVI,scVI,scVI_reference_analysis,scvi,,,,,,,,,,,,,,,,,,,,,deep
10,-5.074692139638391e-05,0.0032734698831105,0.0032005907883551,0.0033497453027019,-0.0360127910971641,0.7719953362263262,scVI reference analysis,cell_5000,scVI,Python modern,2,2,20.0,5000,720.0,10.652075052261353,1180.92578125,5000.0,5000.0,scVI,scVI,scVI,scVI_reference_analysis,scvi,,,,,,,,,,,,,,,,,,,,,deep
10,7.868048244661404e-06,0.0032013293839708,0.0031239766429698,0.003282610044356,-0.0279571618884801,0.8253238591179736,scVI reference analysis,cell_5000,scVI,Python modern,5,0,20.0,5000,720.0,10.616613149642944,1175.08984375,5000.0,5000.0,scVI,scVI,scVI,scVI_reference_analysis,scvi,,,,,,,,,,,,,,,,,,,,,deep
10,-0.0001597979961493,0.0026983168168485,0.0026249804341812,0.0027758686973786,-0.0282670464366674,0.8243639829111582,scVI reference analysis,cell_5000,scVI,Python modern,5,1,20.0,5000,720.0,10.972070693969728,1175.13671875,5000.0,5000.0,scVI,scVI,scVI,scVI_reference_analysis,scvi,,,,,,,,,,,,,,,,,,,,,deep
10,6.984670934341285e-05,0.003301943532725,0.0032198718298742,0.0033883085392512,-0.0279673896729946,0.8264466942510176,scVI reference analysis,cell_5000,scVI,Python modern,5,2,20.0,5000,720.0,10.688882827758787,1175.0078125,5000.0,5000.0,scVI,scVI,scVI,scVI_reference_analysis,scvi,,,,,,,,,,,,,,,,,,,,,deep
10,2.5731191232612964e-05,0.0033267156441337,0.0032413783623541,0.003416667854221,-0.0221324302256107,0.8476192592592593,scVI reference analysis,cell_5000,scVI,Python modern,10,0,20.0,5000,720.0,10.857764720916748,1174.96484375,5000.0,5000.0,scVI,scVI,scVI,scVI_reference_analysis,scvi,,,,,,,,,,,,,,,,,,,,,deep
10,-0.0001989981708478,0.0028399118419308,0.0027715605765512,0.0029117196620504,-0.0220389105379581,0.8476109139839203,scVI reference analysis,cell_5000,scVI,Python modern,10,1,20.0,5000,720.0,10.884221315383911,1175.71484375,5000.0,5000.0,scVI,scVI,scVI,scVI_reference_analysis,scvi,,,,,,,,,,,,,,,,,,,,,deep
10,-0.000232590996254,0.0026651799364013,0.0025970961251302,0.0027369295308177,-0.0234779100865125,0.8500266411006829,scVI reference analysis,cell_5000,scVI,Python modern,10,2,20.0,5000,720.0,10.863059997558594,1175.89453125,5000.0,5000.0,scVI,scVI,scVI,scVI_reference_analysis,scvi,,,,,,,,,,,,,,,,,,,,,deep
10,3.994266948023423e-06,0.0032782673137691,0.0031973630886543,0.003363372135733,-0.015985956415534,0.8704490584317287,scVI reference analysis,cell_5000,scVI,Python modern,20,0,20.0,5000,720.0,10.860693216323853,1176.92578125,5000.0,5000.0,scVI,scVI,scVI,scVI_reference_analysis,scvi,,,,,,,,,,,,,,,,,,,,,deep
10,-6.646791499712409e-05,0.0031016412966939,0.0030245408024694,0.0031827754510356,-0.0180740971118211,0.8729190648232247,scVI reference analysis,cell_5000,scVI,Python modern,20,1,20.0,5000,720.0,10.835232496261597,1176.74609375,5000.0,5000.0,scVI,scVI,scVI,scVI_reference_analysis,scvi,,,,,,,,,,,,,,,,,,,,,deep
10,4.294831832108272e-05,0.0034143298358232,0.0033273391661754,0.0035059912232126,-0.016937606036663,0.8765123046388805,scVI reference analysis,cell_5000,scVI,Python modern,20,2,20.0,5000,720.0,10.866448163986206,1176.93359375,5000.0,5000.0,scVI,scVI,scVI,scVI_reference_analysis,scvi,,,,,,,,,,,,,,,,,,,,,deep
10,-0.0001145674751284,0.0029284218415787,0.0028481645887255,0.0030133333157289,-0.0104419086128473,0.8987085666229354,scVI reference analysis,cell_5000,scVI,Python modern,50,0,20.0,5000,720.0,11.056013822555542,1178.8359375,5000.0,5000.0,scVI,scVI,scVI,scVI_reference_analysis,scvi,,,,,,,,,,,,,,,,,,,,,deep
10,-0.0003170899072338,0.00269679982661,0.0026366427663959,0.0027597660403039,-0.0131382625550031,0.8947427173949608,scVI reference analysis,cell_5000,scVI,Python modern,50,1,20.0,5000,720.0,10.924792289733888,1178.421875,5000.0,5000.0,scVI,scVI,scVI,scVI_reference_analysis,scvi,,,,,,,,,,,,,,,,,,,,,deep
10,-0.0001223542686656,0.0029988743189017,0.0029294977753587,0.0030716165273266,-0.0118860965594649,0.8954539738285061,scVI reference analysis,cell_5000,scVI,Python modern,50,2,20.0,5000,720.0,11.107502698898315,1180.46484375,5000.0,5000.0,scVI,scVI,scVI,scVI_reference_analysis,scvi,,,,,,,,,,,,,,,,,,,,,deep
10,7.955243585776435e-05,0.00204876374065,0.0019995988808305,0.0021004072112967,-0.0414917953312397,0.783886628317691,scVI reference analysis,cell_10000,scVI,Python modern,2,0,20.0,10000,720.0,17.809081554412842,1210.8671875,5000.0,5000.0,scVI,scVI,scVI,scVI_reference_analysis,scvi,,,,,,,,,,,,,,,,,,,,,deep
10,0.0002439591419406,0.0024738657102557,0.0023839960286182,0.0025707764685003,-0.0311518590897321,0.7838843704376492,scVI reference analysis,cell_10000,scVI,Python modern,2,1,20.0,10000,720.0,17.74457836151123,1207.875,5000.0,5000.0,scVI,scVI,scVI,scVI_reference_analysis,scvi,,,,,,,,,,,,,,,,,,,,,deep
10,0.000116838803694,0.0018890223561894,0.001838940073434,0.0019419089256343,-0.0442598313093185,0.7809355521916104,scVI reference analysis,cell_10000,scVI,Python modern,2,2,20.0,10000,720.0,17.802518367767334,1207.7109375,5000.0,5000.0,scVI,scVI,scVI,scVI_reference_analysis,scvi,,,,,,,,,,,,,,,,,,,,,deep
10,-8.425795937451453e-05,0.0015525887952816,0.0015176639476187,0.0015891589020252,-0.0249031838029623,0.8290174911696437,scVI reference analysis,cell_10000,scVI,Python modern,5,0,20.0,10000,720.0,19.527193307876587,1162.19140625,5000.0,5000.0,scVI,scVI,scVI,scVI_reference_analysis,scvi,,,,,,,,,,,,,,,,,,,,,deep
10,-0.0001604947518422,0.0014516316377997,0.0014129503108153,0.0014924904789024,-0.023805720731616,0.8303508635247419,scVI reference analysis,cell_10000,scVI,Python modern,5,1,20.0,10000,720.0,17.611501693725586,1207.86328125,5000.0,5000.0,scVI,scVI,scVI,scVI_reference_analysis,scvi,,,,,,,,,,,,,,,,,,,,,deep
10,-3.090450565735319e-05,0.0017326854429865,0.0016933918800154,0.001773845864868,-0.0302298162132501,0.8263376015070475,scVI reference analysis,cell_10000,scVI,Python modern,5,2,20.0,10000,720.0,19.09181404113769,1163.6640625,5000.0,5000.0,scVI,scVI,scVI,scVI_reference_analysis,scvi,,,,,,,,,,,,,,,,,,,,,deep
10,7.302942451739225e-05,0.0019218953586904,0.0018752421699429,0.001970929093359,-0.0214851163327693,0.8535658155885222,scVI reference analysis,cell_10000,scVI,Python modern,10,0,20.0,10000,720.0,18.00655746459961,1210.69140625,5000.0,5000.0,scVI,scVI,scVI,scVI_reference_analysis,scvi,,,,,,,,,,,,,,,,,,,,,deep
10,-5.9779540065193655e-06,0.0018419762737691,0.0017969646909001,0.001889300752552,-0.0182073842734098,0.8515067648938675,scVI reference analysis,cell_10000,scVI,Python modern,10,1,20.0,10000,720.0,19.7710509300232,1163.69140625,5000.0,5000.0,scVI,scVI,scVI,scVI_reference_analysis,scvi,,,,,,,,,,,,,,,,,,,,,deep
10,-9.840320434298305e-05,0.0015535298234949,0.0015144095755622,0.0015947247747005,-0.0212878044694662,0.8541315302586874,scVI reference analysis,cell_10000,scVI,Python modern,10,2,20.0,10000,720.0,17.94178009033203,1212.0,5000.0,5000.0,scVI,scVI,scVI,scVI_reference_analysis,scvi,,,,,,,,,,,,,,,,,,,,,deep
10,-9.874137344786146e-06,0.0018075407094525,0.0017615304452192,0.0018560189649555,-0.0162843130528926,0.8820863632388065,scVI reference analysis,cell_10000,scVI,Python modern,20,0,20.0,10000,720.0,19.340057134628296,1166.93359375,5000.0,5000.0,scVI,scVI,scVI,scVI_reference_analysis,scvi,,,,,,,,,,,,,,,,,,,,,deep
10,-2.106793815058449e-05,0.0017948304843767,0.0017534622162819,0.0018381978642689,-0.0141065046191215,0.8779081831331785,scVI reference analysis,cell_10000,scVI,Python modern,20,1,20.0,10000,720.0,18.299222707748413,1210.27734375,5000.0,5000.0,scVI,scVI,scVI,scVI_reference_analysis,scvi,,,,,,,,,,,,,,,,,,,,,deep
10,-2.4389231908444847e-05,0.0017596537117916,0.0017155209892239,0.0018061170684077,-0.0165755953639745,0.8800723732633633,scVI reference analysis,cell_10000,scVI,Python modern,20,2,20.0,10000,720.0,18.20875668525696,1209.36328125,5000.0,5000.0,scVI,scVI,scVI,scVI_reference_analysis,scvi,,,,,,,,,,,,,,,,,,,,,deep
10,2.949411966411074e-06,0.0018198115895655,0.0017778658073876,0.0018637844796941,-0.0076494035311043,0.9158640871934604,scVI reference analysis,cell_10000,scVI,Python modern,50,0,20.0,10000,720.0,18.139890432357788,1214.15234375,5000.0,5000.0,scVI,scVI,scVI,scVI_reference_analysis,scvi,,,,,,,,,,,,,,,,,,,,,deep
10,-0.000102104482593,0.0016171310160078,0.0015792190791638,0.0016569080125998,-0.0087044527754187,0.9110760359269352,scVI reference analysis,cell_10000,scVI,Python modern,50,1,20.0,10000,720.0,18.37233710289001,1178.6015625,5000.0,5000.0,scVI,scVI,scVI,scVI_reference_analysis,scvi,,,,,,,,,,,,,,,,,,,,,deep
10,-3.3330821086272684e-05,0.0018498399974828,0.0018074009558698,0.0018943199582098,-0.0112651530653238,0.9164472540115048,scVI reference analysis,cell_10000,scVI,Python modern,50,2,20.0,10000,720.0,20.153881072998047,1171.7421875,5000.0,5000.0,scVI,scVI,scVI,scVI_reference_analysis,scvi,,,,,,,,,,,,,,,,,,,,,deep
10,-9.914794010951706e-06,0.0002421450493164,0.0002361854691538,0.0002484131664196,-0.0446749031543731,0.796210422847916,scVI reference analysis,cell_73233,scVI,Python modern,2,0,20.0,73233,720.0,103.79378247261047,1800.31640625,5000.0,5000.0,scVI,scVI,scVI,scVI_reference_analysis,scvi,,,,,,,,,,,,,,,,,,,,,deep
10,1.5297501246711951e-06,0.0002571984482597,0.000250561786842,0.0002641962473396,-0.0289508458226919,0.805919471187809,scVI reference analysis,cell_73233,scVI,Python modern,2,1,20.0,73233,720.0,103.83870124816896,1800.15625,5000.0,5000.0,scVI,scVI,scVI,scVI_reference_analysis,scvi,,,,,,,,,,,,,,,,,,,,,deep
10,1.1361062557712405e-05,0.0002679737263788,0.000261198525067,0.0002751097700233,-0.0328583940863609,0.7998838443166145,scVI reference analysis,cell_73233,scVI,Python modern,2,2,20.0,73233,720.0,104.23834657669067,1896.578125,5000.0,5000.0,scVI,scVI,scVI,scVI_reference_analysis,scvi,,,,,,,,,,,,,,,,,,,,,deep
10,-1.0629217991900907e-05,0.0002310857329681,0.0002269611386066,0.0002353630157381,-0.0281318575143814,0.834750995391395,scVI reference analysis,cell_73233,scVI,Python modern,5,0,20.0,73233,720.0,104.12589383125304,1898.2265625,5000.0,5000.0,scVI,scVI,scVI,scVI_reference_analysis,scvi,,,,,,,,,,,,,,,,,,,,,deep
10,-4.352005901075673e-06,0.0002658678384169,0.0002576548384808,0.0002746216727883,-0.0188818871974945,0.8412298139738285,scVI reference analysis,cell_73233,scVI,Python modern,5,1,20.0,73233,720.0,103.58810377120972,1898.19921875,5000.0,5000.0,scVI,scVI,scVI,scVI_reference_analysis,scvi,,,,,,,,,,,,,,,,,,,,,deep
10,-1.6290609048950912e-05,0.0002437194005655,0.0002365581084841,0.000251327813972,-0.0231483820825815,0.837360429239412,scVI reference analysis,cell_73233,scVI,Python modern,5,2,20.0,73233,720.0,100.9875841140747,1803.2421875,5000.0,5000.0,scVI,scVI,scVI,scVI_reference_analysis,scvi,,,,,,,,,,,,,,,,,,,,,deep
10,-1.9827581821370865e-05,0.0002222755913916,0.0002178633094765,0.0002268702873425,-0.0199107378721237,0.8543146365257174,scVI reference analysis,cell_73233,scVI,Python modern,10,0,20.0,73233,720.0,104.66306686401369,1899.53515625,5000.0,5000.0,scVI,scVI,scVI,scVI_reference_analysis,scvi,,,,,,,,,,,,,,,,,,,,,deep
10,-9.946935636043222e-06,0.0002305190428792,0.0002254454359785,0.0002358262684515,-0.0141543978825211,0.8587834857200525,scVI reference analysis,cell_73233,scVI,Python modern,10,1,20.0,73233,720.0,105.21196746826172,1898.69921875,5000.0,5000.0,scVI,scVI,scVI,scVI_reference_analysis,scvi,,,,,,,,,,,,,,,,,,,,,deep
10,-5.753969754422995e-06,0.0002390888912997,0.0002334444565947,0.0002450130418965,-0.0160752199590206,0.8552976687859521,scVI reference analysis,cell_73233,scVI,Python modern,10,2,20.0,73233,720.0,104.53830146789552,1803.578125,5000.0,5000.0,scVI,scVI,scVI,scVI_reference_analysis,scvi,,,,,,,,,,,,,,,,,,,,,deep
10,-7.407977454686085e-06,0.000237668126887,0.0002320795139441,0.0002435325354093,-0.0134330354630947,0.8836592188919165,scVI reference analysis,cell_73233,scVI,Python modern,20,0,20.0,73233,720.0,106.08056807518004,1899.77734375,5000.0,5000.0,scVI,scVI,scVI,scVI_reference_analysis,scvi,,,,,,,,,,,,,,,,,,,,,deep
10,2.1064847935771613e-06,0.0002533480874649,0.0002472101568858,0.0002597985732674,-0.0108186043798923,0.8866317273858781,scVI reference analysis,cell_73233,scVI,Python modern,20,1,20.0,73233,720.0,105.2505235671997,1899.9375,5000.0,5000.0,scVI,scVI,scVI,scVI_reference_analysis,scvi,,,,,,,,,,,,,,,,,,,,,deep
10,-1.030967995901063e-05,0.0002304681582618,0.0002247570910219,0.0002364770285703,-0.0114953415468335,0.8863210549332257,scVI reference analysis,cell_73233,scVI,Python modern,20,2,20.0,73233,720.0,105.9876470565796,1805.03125,5000.0,5000.0,scVI,scVI,scVI,scVI_reference_analysis,scvi,,,,,,,,,,,,,,,,,,,,,deep
10,-4.566366030407991e-06,0.0002433597499328,0.0002374732995648,0.0002495454426633,-0.0098282154649496,0.917924782184546,scVI reference analysis,cell_73233,scVI,Python modern,50,0,20.0,73233,720.0,109.36977171897888,1901.65234375,5000.0,5000.0,scVI,scVI,scVI,scVI_reference_analysis,scvi,,,,,,,,,,,,,,,,,,,,,deep
10,-1.5385080363779033e-05,0.0002259129468789,0.0002213842994087,0.0002306307399649,-0.0069456314668059,0.9179126154674202,scVI reference analysis,cell_73233,scVI,Python modern,50,1,20.0,73233,720.0,110.94545984268188,1805.63671875,5000.0,5000.0,scVI,scVI,scVI,scVI_reference_analysis,scvi,,,,,,,,,,,,,,,,,,,,,deep
10,-1.381015237033091e-05,0.0002239974941574,0.0002184663757186,0.0002298159606997,-0.0070716184563934,0.9142799757795944,scVI reference analysis,cell_73233,scVI,Python modern,50,2,20.0,73233,720.0,110.11093640327454,1900.390625,5000.0,5000.0,scVI,scVI,scVI,scVI_reference_analysis,scvi,,,,,,,,,,,,,,,,,,,,,deep
