source_role,relative_path,rows,columns,columns_preview
supplementary_figure_panel_data,final_supplementary_atlas_package\source_data\panel_data\Supplementary_Figure_S10_simulated_robustness_atlas_source_data.csv,66307,15,parent_method; score; perturbation_axis; method_order; panel_source; method_id; method_raw; metric; value; dataset_category; dataset_id; structure_table
supplementary_figure_panel_data,final_supplementary_atlas_package\source_data\panel_data\Supplementary_Figure_S11_scVI_reference_atlas_source_data.csv,215,24,n_labels; ari; nmi; homogeneity; completeness; silhouette_label; trustworthiness_k30; work_package; dataset_id; method; environment; dimension
supplementary_figure_panel_data,final_supplementary_atlas_package\source_data\panel_data\Supplementary_Figure_S12_latent_dimension_atlas_source_data.csv,520,38,metric_sample_size; n_labels; ari; nmi; homogeneity; completeness; silhouette_label; trustworthiness_k30; work_package; dataset_id; method; environment
supplementary_figure_panel_data,final_supplementary_atlas_package\source_data\panel_data\Supplementary_Figure_S13_workflow_atlas_source_data.csv,192,27,metric_sample_size; n_labels; ari; nmi; homogeneity; completeness; silhouette_label; trustworthiness_k30; work_package; dataset_id; method; environment
supplementary_figure_panel_data,final_supplementary_atlas_package\source_data\panel_data\Supplementary_Figure_S14_input_gene_atlas_source_data.csv,480,34,metric_sample_size; n_labels; ari; nmi; homogeneity; completeness; silhouette_label; trustworthiness_k30; work_package; dataset_id; method; environment
supplementary_figure_panel_data,final_supplementary_atlas_package\source_data\panel_data\Supplementary_Figure_S15_reproducibility_coverage_atlas_source_data.csv,185,27,method; language; role; source; install_channel; package_or_repo; environment; status; notes; commit; method_id; parent_method
supplementary_figure_panel_data,final_supplementary_atlas_package\source_data\panel_data\Supplementary_Figure_S1_method_catalog_atlas_source_data.csv,30,13,method_id; parent_method; benchmark_scope; method_family_raw; method_family; implementation_principle; implementation_language; source_or_url; publication_year; reference; is_variant; variant_note
supplementary_figure_panel_data,final_supplementary_atlas_package\source_data\panel_data\Supplementary_Figure_S2_full_dataset_atlas_source_data.csv,209,34,atlas_layer; dataset_type; source_table; source_row; dataset_label; dataset_group; source_repository; species; tissue_or_cell_type; condition; cells; cell_count_text
supplementary_figure_panel_data,final_supplementary_atlas_package\source_data\panel_data\Supplementary_Figure_S3_real_dataset_landscape_atlas_source_data.csv,49,10,category; dataset; cells; genes; sparsity_pct; cell_types; size_mb; Unnamed: 7; dataset_type; atlas_layer
supplementary_figure_panel_data,final_supplementary_atlas_package\source_data\panel_data\Supplementary_Figure_S4_simulated_parameter_landscape_atlas_source_data.csv,50,11,param_group; param_value; cells; genes; sparsity_pct; n_batches; n_groups; size_mb; dataset_type; atlas_layer; dataset_label
supplementary_figure_panel_data,final_supplementary_atlas_package\source_data\panel_data\Supplementary_Figure_S5_full_score_atlas_source_data.csv,225,16,method_id; local; global; kmeans; louvain; spectral; runtime_score; memory_score; stability_median; overall_mean; source; method_raw
supplementary_figure_panel_data,final_supplementary_atlas_package\source_data\panel_data\Supplementary_Figure_S6_local_structure_atlas_source_data.csv,12447,11,method_id; method_raw; parent_method; metric; value; dataset_category; dataset_id; structure_table; method_order; collection; sim_axis
supplementary_figure_panel_data,final_supplementary_atlas_package\source_data\panel_data\Supplementary_Figure_S7_label_local_atlas_source_data.csv,17979,11,method_id; method_raw; parent_method; metric; value; dataset_category; dataset_id; structure_table; method_order; collection; sim_axis
supplementary_figure_panel_data,final_supplementary_atlas_package\source_data\panel_data\Supplementary_Figure_S8_global_geometry_atlas_source_data.csv,13830,11,method_id; method_raw; parent_method; metric; value; dataset_category; dataset_id; structure_table; method_order; collection; sim_axis
supplementary_figure_panel_data,final_supplementary_atlas_package\source_data\panel_data\Supplementary_Figure_S9_clustering_atlas_source_data.csv,20730,11,method_raw; value; method_id; parent_method; dataset_category; dataset_id; clustering_algorithm; metric; method_order; collection; sim_axis
main_figure_source_data,main_figures_final_package\source_data\canonical_source_tables\canonical_method_manifest.csv,30,13,method_id; parent_method; benchmark_scope; method_family_raw; method_family; implementation_principle; implementation_language; source_or_url; publication_year; reference; is_variant; variant_note
main_figure_source_data,main_figures_final_package\source_data\canonical_source_tables\canonical_real_dataset_atlas_from_supplementary_table_s2.csv,50,15,atlas_layer; dataset_type; source_table; source_row; dataset_label; dataset_group; source_repository; species; tissue_or_cell_type; condition; cells; cell_count_text
main_figure_source_data,main_figures_final_package\source_data\canonical_source_tables\canonical_simulated_dataset_atlas_from_excel.csv,50,11,param_group; param_value; cells; genes; sparsity_pct; n_batches; n_groups; size_mb; dataset_type; atlas_layer; dataset_label
main_figure_source_data,main_figures_final_package\source_data\canonical_source_tables\canonical_source_table_checks.csv,8,3,check; value; expected
main_figure_source_data,main_figures_final_package\source_data\canonical_source_tables\canonical_source_table_manifest.csv,16,4,table; rows; columns; path
main_figure_source_data,main_figures_final_package\source_data\canonical_source_tables\excel_real_dataset_detail_rows.csv,49,10,category; dataset; cells; genes; sparsity_pct; cell_types; size_mb; Unnamed: 7; dataset_type; atlas_layer
main_figure_source_data,main_figures_final_package\source_data\canonical_source_tables\original_clustering_raw_long.csv,40830,9,method_raw; value; method_id; parent_method; dataset_category; dataset_id; clustering_algorithm; metric; source_file
main_figure_source_data,main_figures_final_package\source_data\canonical_source_tables\original_efficiency_scaling_long.csv,247,7,method_raw; method_id; parent_method; n_cells; peak_memory_gb; runtime_seconds; source_file
main_figure_source_data,main_figures_final_package\source_data\canonical_source_tables\original_score_long.csv,225,6,method_raw; method_id; parent_method; score_domain; score; source_file
main_figure_source_data,main_figures_final_package\source_data\canonical_source_tables\original_score_matrix.csv,29,10,method_id; local; global; kmeans; louvain; spectral; runtime_score; memory_score; stability_median; overall_mean
main_figure_source_data,main_figures_final_package\source_data\canonical_source_tables\original_stability_score_long.csv,252,6,method_raw; method_id; parent_method; perturbation_axis; score; source_file
main_figure_source_data,main_figures_final_package\source_data\canonical_source_tables\original_topology_raw_long.csv,92996,9,method_raw; method_id; parent_method; metric; value; dataset_category; dataset_id; topology_table; source_file
main_figure_source_data,main_figures_final_package\source_data\canonical_source_tables\repository_dataset_availability.csv,197,5,availability_source; dataset_id; has_cell_metadata; has_counts_matrix; relative_path
main_figure_source_data,main_figures_final_package\source_data\canonical_source_tables\targeted_control_dataset_manifest.csv,60,11,dataset_group; dataset_id; matrix_path_or_source; label_or_metadata_path; n_cells; n_genes; label_status; availability; planned_use; atlas_layer; dataset_type
main_figure_source_data,main_figures_final_package\source_data\canonical_source_tables\targeted_dimension_sensitivity.csv,640,41,metric_sample_size; n_labels; ari; nmi; homogeneity; completeness; silhouette_label; trustworthiness_k30; work_package; dataset_id; method; environment
main_figure_source_data,main_figures_final_package\source_data\canonical_source_tables\targeted_input_gene_sensitivity.csv,576,37,metric_sample_size; n_labels; ari; nmi; homogeneity; completeness; silhouette_label; trustworthiness_k30; work_package; dataset_id; method; environment
main_figure_source_data,main_figures_final_package\source_data\canonical_source_tables\targeted_scvi_reference.csv,215,28,n_labels; ari; nmi; homogeneity; completeness; silhouette_label; trustworthiness_k30; work_package; dataset_id; method; environment; dimension
main_figure_source_data,main_figures_final_package\source_data\canonical_source_tables\targeted_visualization_workflow.csv,192,30,metric_sample_size; n_labels; ari; nmi; homogeneity; completeness; silhouette_label; trustworthiness_k30; work_package; dataset_id; method; environment
main_figure_source_data,main_figures_final_package\source_data\figure3\Figure_3_completed_compact_visual_qa_summary.csv,1,8,panel_count; layout; figure_width_in; figure_height_in; method_count; component_count; top_profile_method; top_profile_score
main_figure_source_data,main_figures_final_package\source_data\figure3\Figure_3_completed_raw_variability_summary.csv,26,8,method_id; raw_median; raw_q1; raw_q3; raw_mean; raw_observations; overall_mean; family
main_figure_source_data,main_figures_final_package\source_data\figure3\Figure_3_completed_score_matrix.csv,26,20,method_id; local; global; kmeans; louvain; spectral; runtime_score; memory_score; stability_median; overall_mean; cell_number; gene_number
main_figure_source_data,main_figures_final_package\source_data\figure3\Figure_3_completed_stability_batch_number.csv,29,3,Method; score; perturbation_axis
main_figure_source_data,main_figures_final_package\source_data\figure3\Figure_3_completed_stability_batch_strength.csv,29,3,Method; score; perturbation_axis
main_figure_source_data,main_figures_final_package\source_data\figure3\Figure_3_completed_stability_cell_number.csv,29,3,Method; score; perturbation_axis
main_figure_source_data,main_figures_final_package\source_data\figure3\Figure_3_completed_stability_celltype_number.csv,29,3,Method; score; perturbation_axis
main_figure_source_data,main_figures_final_package\source_data\figure3\Figure_3_completed_stability_de_prob.csv,29,3,Method; score; perturbation_axis
main_figure_source_data,main_figures_final_package\source_data\figure3\Figure_3_completed_stability_de_strength.csv,29,3,Method; score; perturbation_axis
main_figure_source_data,main_figures_final_package\source_data\figure3\Figure_3_completed_stability_dropout.csv,29,3,Method; score; perturbation_axis
main_figure_source_data,main_figures_final_package\source_data\figure3\Figure_3_completed_stability_gene_number.csv,29,3,Method; score; perturbation_axis
main_figure_source_data,main_figures_final_package\source_data\figure3\Figure_3_completed_stability_out.csv,29,3,Method; score; perturbation_axis
main_figure_source_data,main_figures_final_package\source_data\figure3\Figure_3_completed_stability_raw_metrics.csv,1359,32,Method; Dataset; knn_10; knn_20; knn_30; svm; nkr_10; nkr_20; nkr_30; aji_10; aji_20; aji_30
main_figure_source_data,main_figures_final_package\source_data\figure3\Figure_3_completed_stability_scores_long.csv,261,3,Method; score; perturbation_axis
main_figure_source_data,main_figures_final_package\source_data\figure3\Figure_3_completed_visual_qa_summary.csv,1,5,panel_count; method_count; component_count; top_profile_method; top_profile_score
main_figure_source_data,main_figures_final_package\source_data\figure3\Figure_3_component_top3_frequency.csv,10,3,method_id; family; top3_components
main_figure_source_data,main_figures_final_package\source_data\figure3\Figure_3_family_domain_profile.csv,4,5,family; Structure; Clustering; Efficiency; Robustness
main_figure_source_data,main_figures_final_package\source_data\figure3\Figure_3_score_construction_demo_values.csv,25,5,method_id; level; domain; metric; score
main_figure_source_data,main_figures_final_package\source_data\figure3\Figure_3_weighted_domain_contributions.csv,32,6,method_id; family; domain; domain_score; component_count; weighted_contribution
main_figure_source_data,main_figures_final_package\source_data\figure3\vasc_stability_raw_metrics\batch_0.2_VASC_dr1.csv,1,15,Method; knn_10; knn_20; knn_30; svm; nkr_10; aji_10; nkr_20; aji_20; nkr_30; aji_30; random_triplet
main_figure_source_data,main_figures_final_package\source_data\figure3\vasc_stability_raw_metrics\batch_0.2_VASC_dr2.csv,1,11,Method; AUC; Qlocal; Qglobal; T_10; T_20; T_30; C_10; C_20; C_30; kmax
main_figure_source_data,main_figures_final_package\source_data\figure3\vasc_stability_raw_metrics\batch_0.2_VASC_kmeans.csv,1,6,Method; ARI; NMI; SIL; COMP; HOMO
main_figure_source_data,main_figures_final_package\source_data\figure3\vasc_stability_raw_metrics\batch_0.4_VASC_dr1.csv,1,15,Method; knn_10; knn_20; knn_30; svm; nkr_10; aji_10; nkr_20; aji_20; nkr_30; aji_30; random_triplet
main_figure_source_data,main_figures_final_package\source_data\figure3\vasc_stability_raw_metrics\batch_0.4_VASC_dr2.csv,1,11,Method; AUC; Qlocal; Qglobal; T_10; T_20; T_30; C_10; C_20; C_30; kmax
main_figure_source_data,main_figures_final_package\source_data\figure3\vasc_stability_raw_metrics\batch_0.4_VASC_kmeans.csv,1,6,Method; ARI; NMI; SIL; COMP; HOMO
main_figure_source_data,main_figures_final_package\source_data\figure3\vasc_stability_raw_metrics\batch_0.6_VASC_dr1.csv,1,15,Method; knn_10; knn_20; knn_30; svm; nkr_10; aji_10; nkr_20; aji_20; nkr_30; aji_30; random_triplet
main_figure_source_data,main_figures_final_package\source_data\figure3\vasc_stability_raw_metrics\batch_0.6_VASC_dr2.csv,1,11,Method; AUC; Qlocal; Qglobal; T_10; T_20; T_30; C_10; C_20; C_30; kmax
main_figure_source_data,main_figures_final_package\source_data\figure3\vasc_stability_raw_metrics\batch_0.6_VASC_kmeans.csv,1,6,Method; ARI; NMI; SIL; COMP; HOMO
main_figure_source_data,main_figures_final_package\source_data\figure3\vasc_stability_raw_metrics\batch_0.8_VASC_dr1.csv,1,15,Method; knn_10; knn_20; knn_30; svm; nkr_10; aji_10; nkr_20; aji_20; nkr_30; aji_30; random_triplet
main_figure_source_data,main_figures_final_package\source_data\figure3\vasc_stability_raw_metrics\batch_0.8_VASC_dr2.csv,1,11,Method; AUC; Qlocal; Qglobal; T_10; T_20; T_30; C_10; C_20; C_30; kmax
main_figure_source_data,main_figures_final_package\source_data\figure3\vasc_stability_raw_metrics\batch_0.8_VASC_kmeans.csv,1,6,Method; ARI; NMI; SIL; COMP; HOMO
main_figure_source_data,main_figures_final_package\source_data\figure3\vasc_stability_raw_metrics\batch_1.0_VASC_dr1.csv,1,15,Method; knn_10; knn_20; knn_30; svm; nkr_10; aji_10; nkr_20; aji_20; nkr_30; aji_30; random_triplet
main_figure_source_data,main_figures_final_package\source_data\figure3\vasc_stability_raw_metrics\batch_1.0_VASC_dr2.csv,1,11,Method; AUC; Qlocal; Qglobal; T_10; T_20; T_30; C_10; C_20; C_30; kmax
main_figure_source_data,main_figures_final_package\source_data\figure3\vasc_stability_raw_metrics\batch_1.0_VASC_kmeans.csv,1,6,Method; ARI; NMI; SIL; COMP; HOMO
main_figure_source_data,main_figures_final_package\source_data\figure3\vasc_stability_raw_metrics\batch_10_VASC_dr1.csv,1,15,Method; knn_10; knn_20; knn_30; svm; nkr_10; aji_10; nkr_20; aji_20; nkr_30; aji_30; random_triplet
main_figure_source_data,main_figures_final_package\source_data\figure3\vasc_stability_raw_metrics\batch_10_VASC_dr2.csv,1,11,Method; AUC; Qlocal; Qglobal; T_10; T_20; T_30; C_10; C_20; C_30; kmax
main_figure_source_data,main_figures_final_package\source_data\figure3\vasc_stability_raw_metrics\batch_10_VASC_kmeans.csv,1,6,Method; ARI; NMI; SIL; COMP; HOMO
main_figure_source_data,main_figures_final_package\source_data\figure3\vasc_stability_raw_metrics\batch_2_VASC_dr1.csv,1,15,Method; knn_10; knn_20; knn_30; svm; nkr_10; nkr_20; nkr_30; aji_10; aji_20; aji_30; random_triplet
main_figure_source_data,main_figures_final_package\source_data\figure3\vasc_stability_raw_metrics\batch_2_VASC_dr2.csv,1,11,Method; AUC; Qlocal; Qglobal; T_10; T_20; T_30; C_10; C_20; C_30; kmax
main_figure_source_data,main_figures_final_package\source_data\figure3\vasc_stability_raw_metrics\batch_2_VASC_kmeans.csv,1,6,Method; ARI; NMI; SIL; COMP; HOMO
main_figure_source_data,main_figures_final_package\source_data\figure3\vasc_stability_raw_metrics\batch_4_VASC_dr1.csv,1,15,Method; knn_10; knn_20; knn_30; svm; nkr_10; aji_10; nkr_20; aji_20; nkr_30; aji_30; random_triplet
main_figure_source_data,main_figures_final_package\source_data\figure3\vasc_stability_raw_metrics\batch_4_VASC_dr2.csv,1,11,Method; AUC; Qlocal; Qglobal; T_10; T_20; T_30; C_10; C_20; C_30; kmax
main_figure_source_data,main_figures_final_package\source_data\figure3\vasc_stability_raw_metrics\batch_4_VASC_kmeans.csv,1,6,Method; ARI; NMI; SIL; COMP; HOMO
main_figure_source_data,main_figures_final_package\source_data\figure3\vasc_stability_raw_metrics\batch_6_VASC_dr1.csv,1,15,Method; knn_10; knn_20; knn_30; svm; nkr_10; aji_10; nkr_20; aji_20; nkr_30; aji_30; random_triplet
main_figure_source_data,main_figures_final_package\source_data\figure3\vasc_stability_raw_metrics\batch_6_VASC_dr2.csv,1,11,Method; AUC; Qlocal; Qglobal; T_10; T_20; T_30; C_10; C_20; C_30; kmax
main_figure_source_data,main_figures_final_package\source_data\figure3\vasc_stability_raw_metrics\batch_6_VASC_kmeans.csv,1,6,Method; ARI; NMI; SIL; COMP; HOMO
main_figure_source_data,main_figures_final_package\source_data\figure3\vasc_stability_raw_metrics\batch_8_VASC_dr1.csv,1,15,Method; knn_10; knn_20; knn_30; svm; nkr_10; aji_10; nkr_20; aji_20; nkr_30; aji_30; random_triplet
main_figure_source_data,main_figures_final_package\source_data\figure3\vasc_stability_raw_metrics\batch_8_VASC_dr2.csv,1,11,Method; AUC; Qlocal; Qglobal; T_10; T_20; T_30; C_10; C_20; C_30; kmax
main_figure_source_data,main_figures_final_package\source_data\figure3\vasc_stability_raw_metrics\batch_8_VASC_kmeans.csv,1,6,Method; ARI; NMI; SIL; COMP; HOMO
main_figure_source_data,main_figures_final_package\source_data\figure3\vasc_stability_raw_metrics\cell_100_VASC_dr1.csv,1,15,Method; knn_10; knn_20; knn_30; svm; nkr_10; aji_10; nkr_20; aji_20; nkr_30; aji_30; random_triplet
main_figure_source_data,main_figures_final_package\source_data\figure3\vasc_stability_raw_metrics\cell_100_VASC_dr2.csv,1,11,Method; AUC; Qlocal; Qglobal; T_10; T_20; T_30; C_10; C_20; C_30; kmax
main_figure_source_data,main_figures_final_package\source_data\figure3\vasc_stability_raw_metrics\cell_100_VASC_kmeans.csv,1,6,Method; ARI; NMI; SIL; COMP; HOMO
main_figure_source_data,main_figures_final_package\source_data\figure3\vasc_stability_raw_metrics\cell_1k_VASC_dr1.csv,1,15,Method; knn_10; knn_20; knn_30; svm; nkr_10; aji_10; nkr_20; aji_20; nkr_30; aji_30; random_triplet
main_figure_source_data,main_figures_final_package\source_data\figure3\vasc_stability_raw_metrics\cell_1k_VASC_dr2.csv,1,11,Method; AUC; Qlocal; Qglobal; T_10; T_20; T_30; C_10; C_20; C_30; kmax
main_figure_source_data,main_figures_final_package\source_data\figure3\vasc_stability_raw_metrics\cell_1k_VASC_kmeans.csv,1,6,Method; ARI; NMI; SIL; COMP; HOMO
main_figure_source_data,main_figures_final_package\source_data\figure3\vasc_stability_raw_metrics\cell_1w_VASC_dr1.csv,1,15,Method; knn_10; knn_20; knn_30; svm; nkr_10; aji_10; nkr_20; aji_20; nkr_30; aji_30; random_triplet
main_figure_source_data,main_figures_final_package\source_data\figure3\vasc_stability_raw_metrics\cell_1w_VASC_dr2.csv,1,11,Method; AUC; Qlocal; Qglobal; T_10; T_20; T_30; C_10; C_20; C_30; kmax
main_figure_source_data,main_figures_final_package\source_data\figure3\vasc_stability_raw_metrics\cell_1w_VASC_kmeans.csv,1,6,Method; ARI; NMI; SIL; COMP; HOMO
main_figure_source_data,main_figures_final_package\source_data\figure3\vasc_stability_raw_metrics\cell_2w_VASC_dr1.csv,1,15,Method; knn_10; knn_20; knn_30; svm; nkr_10; aji_10; nkr_20; aji_20; nkr_30; aji_30; random_triplet
main_figure_source_data,main_figures_final_package\source_data\figure3\vasc_stability_raw_metrics\cell_2w_VASC_dr2.csv,1,11,Method; AUC; Qlocal; Qglobal; T_10; T_20; T_30; C_10; C_20; C_30; kmax
main_figure_source_data,main_figures_final_package\source_data\figure3\vasc_stability_raw_metrics\cell_2w_VASC_kmeans.csv,1,6,Method; ARI; NMI; SIL; COMP; HOMO
main_figure_source_data,main_figures_final_package\source_data\figure3\vasc_stability_raw_metrics\cell_3w_VASC_dr1.csv,1,15,Method; knn_10; knn_20; knn_30; svm; nkr_10; aji_10; nkr_20; aji_20; nkr_30; aji_30; random_triplet
main_figure_source_data,main_figures_final_package\source_data\figure3\vasc_stability_raw_metrics\cell_3w_VASC_dr2.csv,1,11,Method; AUC; Qlocal; Qglobal; T_10; T_20; T_30; C_10; C_20; C_30; kmax
main_figure_source_data,main_figures_final_package\source_data\figure3\vasc_stability_raw_metrics\cell_3w_VASC_kmeans.csv,1,6,Method; ARI; NMI; SIL; COMP; HOMO
main_figure_source_data,main_figures_final_package\source_data\figure3\vasc_stability_raw_metrics\cell_500_VASC_dr1.csv,1,15,Method; knn_10; knn_20; knn_30; svm; nkr_10; aji_10; nkr_20; aji_20; nkr_30; aji_30; random_triplet
main_figure_source_data,main_figures_final_package\source_data\figure3\vasc_stability_raw_metrics\cell_500_VASC_dr2.csv,1,11,Method; AUC; Qlocal; Qglobal; T_10; T_20; T_30; C_10; C_20; C_30; kmax
main_figure_source_data,main_figures_final_package\source_data\figure3\vasc_stability_raw_metrics\cell_500_VASC_kmeans.csv,1,6,Method; ARI; NMI; SIL; COMP; HOMO
main_figure_source_data,main_figures_final_package\source_data\figure3\vasc_stability_raw_metrics\cell_5k_VASC_dr1.csv,1,15,Method; knn_10; knn_20; knn_30; svm; nkr_10; aji_10; nkr_20; aji_20; nkr_30; aji_30; random_triplet
main_figure_source_data,main_figures_final_package\source_data\figure3\vasc_stability_raw_metrics\cell_5k_VASC_dr2.csv,1,11,Method; AUC; Qlocal; Qglobal; T_10; T_20; T_30; C_10; C_20; C_30; kmax
main_figure_source_data,main_figures_final_package\source_data\figure3\vasc_stability_raw_metrics\cell_5k_VASC_kmeans.csv,1,6,Method; ARI; NMI; SIL; COMP; HOMO
main_figure_source_data,main_figures_final_package\source_data\figure3\vasc_stability_raw_metrics\celltype_11_VASC_dr1.csv,1,15,Method; knn_10; knn_20; knn_30; svm; nkr_10; aji_10; nkr_20; aji_20; nkr_30; aji_30; random_triplet
main_figure_source_data,main_figures_final_package\source_data\figure3\vasc_stability_raw_metrics\celltype_11_VASC_dr2.csv,1,11,Method; AUC; Qlocal; Qglobal; T_10; T_20; T_30; C_10; C_20; C_30; kmax
main_figure_source_data,main_figures_final_package\source_data\figure3\vasc_stability_raw_metrics\celltype_11_VASC_kmeans.csv,1,6,Method; ARI; NMI; SIL; COMP; HOMO
main_figure_source_data,main_figures_final_package\source_data\figure3\vasc_stability_raw_metrics\celltype_13_VASC_dr1.csv,1,15,Method; knn_10; knn_20; knn_30; svm; nkr_10; aji_10; nkr_20; aji_20; nkr_30; aji_30; random_triplet
main_figure_source_data,main_figures_final_package\source_data\figure3\vasc_stability_raw_metrics\celltype_13_VASC_dr2.csv,1,11,Method; AUC; Qlocal; Qglobal; T_10; T_20; T_30; C_10; C_20; C_30; kmax
main_figure_source_data,main_figures_final_package\source_data\figure3\vasc_stability_raw_metrics\celltype_13_VASC_kmeans.csv,1,6,Method; ARI; NMI; SIL; COMP; HOMO
main_figure_source_data,main_figures_final_package\source_data\figure3\vasc_stability_raw_metrics\celltype_15_VASC_dr1.csv,1,15,Method; knn_10; knn_20; knn_30; svm; nkr_10; aji_10; nkr_20; aji_20; nkr_30; aji_30; random_triplet
main_figure_source_data,main_figures_final_package\source_data\figure3\vasc_stability_raw_metrics\celltype_15_VASC_dr2.csv,1,11,Method; AUC; Qlocal; Qglobal; T_10; T_20; T_30; C_10; C_20; C_30; kmax
main_figure_source_data,main_figures_final_package\source_data\figure3\vasc_stability_raw_metrics\celltype_15_VASC_kmeans.csv,1,6,Method; ARI; NMI; SIL; COMP; HOMO
main_figure_source_data,main_figures_final_package\source_data\figure3\vasc_stability_raw_metrics\celltype_7_VASC_dr1.csv,1,15,Method; knn_10; knn_20; knn_30; svm; nkr_10; aji_10; nkr_20; aji_20; nkr_30; aji_30; random_triplet
main_figure_source_data,main_figures_final_package\source_data\figure3\vasc_stability_raw_metrics\celltype_7_VASC_dr2.csv,1,11,Method; AUC; Qlocal; Qglobal; T_10; T_20; T_30; C_10; C_20; C_30; kmax
main_figure_source_data,main_figures_final_package\source_data\figure3\vasc_stability_raw_metrics\celltype_7_VASC_kmeans.csv,1,6,Method; ARI; NMI; SIL; COMP; HOMO
main_figure_source_data,main_figures_final_package\source_data\figure3\vasc_stability_raw_metrics\celltype_9_VASC_dr1.csv,1,15,Method; knn_10; knn_20; knn_30; svm; nkr_10; aji_10; nkr_20; aji_20; nkr_30; aji_30; random_triplet
main_figure_source_data,main_figures_final_package\source_data\figure3\vasc_stability_raw_metrics\celltype_9_VASC_dr2.csv,1,11,Method; AUC; Qlocal; Qglobal; T_10; T_20; T_30; C_10; C_20; C_30; kmax
main_figure_source_data,main_figures_final_package\source_data\figure3\vasc_stability_raw_metrics\celltype_9_VASC_kmeans.csv,1,6,Method; ARI; NMI; SIL; COMP; HOMO
main_figure_source_data,main_figures_final_package\source_data\figure3\vasc_stability_raw_metrics\de_0.2_VASC_dr1.csv,1,15,Method; knn_10; knn_20; knn_30; svm; nkr_10; aji_10; nkr_20; aji_20; nkr_30; aji_30; random_triplet
main_figure_source_data,main_figures_final_package\source_data\figure3\vasc_stability_raw_metrics\de_0.2_VASC_dr2.csv,1,11,Method; AUC; Qlocal; Qglobal; T_10; T_20; T_30; C_10; C_20; C_30; kmax
main_figure_source_data,main_figures_final_package\source_data\figure3\vasc_stability_raw_metrics\de_0.2_VASC_kmeans.csv,1,6,Method; ARI; NMI; SIL; COMP; HOMO
main_figure_source_data,main_figures_final_package\source_data\figure3\vasc_stability_raw_metrics\de_0.4_VASC_dr1.csv,1,15,Method; knn_10; knn_20; knn_30; svm; nkr_10; aji_10; nkr_20; aji_20; nkr_30; aji_30; random_triplet
main_figure_source_data,main_figures_final_package\source_data\figure3\vasc_stability_raw_metrics\de_0.4_VASC_dr2.csv,1,11,Method; AUC; Qlocal; Qglobal; T_10; T_20; T_30; C_10; C_20; C_30; kmax
main_figure_source_data,main_figures_final_package\source_data\figure3\vasc_stability_raw_metrics\de_0.4_VASC_kmeans.csv,1,6,Method; ARI; NMI; SIL; COMP; HOMO
main_figure_source_data,main_figures_final_package\source_data\figure3\vasc_stability_raw_metrics\de_0.6_VASC_dr1.csv,1,15,Method; knn_10; knn_20; knn_30; svm; nkr_10; aji_10; nkr_20; aji_20; nkr_30; aji_30; random_triplet
main_figure_source_data,main_figures_final_package\source_data\figure3\vasc_stability_raw_metrics\de_0.6_VASC_dr2.csv,1,11,Method; AUC; Qlocal; Qglobal; T_10; T_20; T_30; C_10; C_20; C_30; kmax
main_figure_source_data,main_figures_final_package\source_data\figure3\vasc_stability_raw_metrics\de_0.6_VASC_kmeans.csv,1,6,Method; ARI; NMI; SIL; COMP; HOMO
main_figure_source_data,main_figures_final_package\source_data\figure3\vasc_stability_raw_metrics\de_0.8_VASC_dr1.csv,1,15,Method; knn_10; knn_20; knn_30; svm; nkr_10; aji_10; nkr_20; aji_20; nkr_30; aji_30; random_triplet
main_figure_source_data,main_figures_final_package\source_data\figure3\vasc_stability_raw_metrics\de_0.8_VASC_dr2.csv,1,11,Method; AUC; Qlocal; Qglobal; T_10; T_20; T_30; C_10; C_20; C_30; kmax
main_figure_source_data,main_figures_final_package\source_data\figure3\vasc_stability_raw_metrics\de_0.8_VASC_kmeans.csv,1,6,Method; ARI; NMI; SIL; COMP; HOMO
main_figure_source_data,main_figures_final_package\source_data\figure3\vasc_stability_raw_metrics\de_1.0_VASC_dr1.csv,1,15,Method; knn_10; knn_20; knn_30; svm; nkr_10; aji_10; nkr_20; aji_20; nkr_30; aji_30; random_triplet
main_figure_source_data,main_figures_final_package\source_data\figure3\vasc_stability_raw_metrics\de_1.0_VASC_dr2.csv,1,11,Method; AUC; Qlocal; Qglobal; T_10; T_20; T_30; C_10; C_20; C_30; kmax
main_figure_source_data,main_figures_final_package\source_data\figure3\vasc_stability_raw_metrics\de_1.0_VASC_kmeans.csv,1,6,Method; ARI; NMI; SIL; COMP; HOMO
main_figure_source_data,main_figures_final_package\source_data\figure3\vasc_stability_raw_metrics\de_prob_0.05_VASC_dr1.csv,1,15,Method; knn_10; knn_20; knn_30; svm; nkr_10; aji_10; nkr_20; aji_20; nkr_30; aji_30; random_triplet
main_figure_source_data,main_figures_final_package\source_data\figure3\vasc_stability_raw_metrics\de_prob_0.05_VASC_dr2.csv,1,11,Method; AUC; Qlocal; Qglobal; T_10; T_20; T_30; C_10; C_20; C_30; kmax
main_figure_source_data,main_figures_final_package\source_data\figure3\vasc_stability_raw_metrics\de_prob_0.05_VASC_kmeans.csv,1,6,Method; ARI; NMI; SIL; COMP; HOMO
main_figure_source_data,main_figures_final_package\source_data\figure3\vasc_stability_raw_metrics\de_prob_0.15_VASC_dr1.csv,1,15,Method; knn_10; knn_20; knn_30; svm; nkr_10; aji_10; nkr_20; aji_20; nkr_30; aji_30; random_triplet
main_figure_source_data,main_figures_final_package\source_data\figure3\vasc_stability_raw_metrics\de_prob_0.15_VASC_dr2.csv,1,11,Method; AUC; Qlocal; Qglobal; T_10; T_20; T_30; C_10; C_20; C_30; kmax
main_figure_source_data,main_figures_final_package\source_data\figure3\vasc_stability_raw_metrics\de_prob_0.15_VASC_kmeans.csv,1,6,Method; ARI; NMI; SIL; COMP; HOMO
main_figure_source_data,main_figures_final_package\source_data\figure3\vasc_stability_raw_metrics\de_prob_0.25_VASC_dr1.csv,1,15,Method; knn_10; knn_20; knn_30; svm; nkr_10; aji_10; nkr_20; aji_20; nkr_30; aji_30; random_triplet
main_figure_source_data,main_figures_final_package\source_data\figure3\vasc_stability_raw_metrics\de_prob_0.25_VASC_dr2.csv,1,11,Method; AUC; Qlocal; Qglobal; T_10; T_20; T_30; C_10; C_20; C_30; kmax
main_figure_source_data,main_figures_final_package\source_data\figure3\vasc_stability_raw_metrics\de_prob_0.25_VASC_kmeans.csv,1,6,Method; ARI; NMI; SIL; COMP; HOMO
main_figure_source_data,main_figures_final_package\source_data\figure3\vasc_stability_raw_metrics\de_prob_0.2_VASC_dr1.csv,1,15,Method; knn_10; knn_20; knn_30; svm; nkr_10; aji_10; nkr_20; aji_20; nkr_30; aji_30; random_triplet
main_figure_source_data,main_figures_final_package\source_data\figure3\vasc_stability_raw_metrics\de_prob_0.2_VASC_dr2.csv,1,11,Method; AUC; Qlocal; Qglobal; T_10; T_20; T_30; C_10; C_20; C_30; kmax
main_figure_source_data,main_figures_final_package\source_data\figure3\vasc_stability_raw_metrics\de_prob_0.2_VASC_kmeans.csv,1,6,Method; ARI; NMI; SIL; COMP; HOMO
main_figure_source_data,main_figures_final_package\source_data\figure3\vasc_stability_raw_metrics\de_prob_0.3_VASC_dr1.csv,1,15,Method; knn_10; knn_20; knn_30; svm; nkr_10; aji_10; nkr_20; aji_20; nkr_30; aji_30; random_triplet
main_figure_source_data,main_figures_final_package\source_data\figure3\vasc_stability_raw_metrics\de_prob_0.3_VASC_dr2.csv,1,11,Method; AUC; Qlocal; Qglobal; T_10; T_20; T_30; C_10; C_20; C_30; kmax
main_figure_source_data,main_figures_final_package\source_data\figure3\vasc_stability_raw_metrics\de_prob_0.3_VASC_kmeans.csv,1,6,Method; ARI; NMI; SIL; COMP; HOMO
main_figure_source_data,main_figures_final_package\source_data\figure3\vasc_stability_raw_metrics\dropout_-1_VASC_dr1.csv,1,15,Method; knn_10; knn_20; knn_30; svm; nkr_10; aji_10; nkr_20; aji_20; nkr_30; aji_30; random_triplet
main_figure_source_data,main_figures_final_package\source_data\figure3\vasc_stability_raw_metrics\dropout_-1_VASC_dr2.csv,1,11,Method; AUC; Qlocal; Qglobal; T_10; T_20; T_30; C_10; C_20; C_30; kmax
main_figure_source_data,main_figures_final_package\source_data\figure3\vasc_stability_raw_metrics\dropout_-1_VASC_kmeans.csv,1,6,Method; ARI; NMI; SIL; COMP; HOMO
main_figure_source_data,main_figures_final_package\source_data\figure3\vasc_stability_raw_metrics\dropout_0_VASC_dr1.csv,1,15,Method; knn_10; knn_20; knn_30; svm; nkr_10; aji_10; nkr_20; aji_20; nkr_30; aji_30; random_triplet
main_figure_source_data,main_figures_final_package\source_data\figure3\vasc_stability_raw_metrics\dropout_0_VASC_dr2.csv,1,11,Method; AUC; Qlocal; Qglobal; T_10; T_20; T_30; C_10; C_20; C_30; kmax
main_figure_source_data,main_figures_final_package\source_data\figure3\vasc_stability_raw_metrics\dropout_0_VASC_kmeans.csv,1,6,Method; ARI; NMI; SIL; COMP; HOMO
main_figure_source_data,main_figures_final_package\source_data\figure3\vasc_stability_raw_metrics\dropout_1_VASC_dr1.csv,1,15,Method; knn_10; knn_20; knn_30; svm; nkr_10; aji_10; nkr_20; aji_20; nkr_30; aji_30; random_triplet
main_figure_source_data,main_figures_final_package\source_data\figure3\vasc_stability_raw_metrics\dropout_1_VASC_dr2.csv,1,11,Method; AUC; Qlocal; Qglobal; T_10; T_20; T_30; C_10; C_20; C_30; kmax
main_figure_source_data,main_figures_final_package\source_data\figure3\vasc_stability_raw_metrics\dropout_1_VASC_kmeans.csv,1,6,Method; ARI; NMI; SIL; COMP; HOMO
main_figure_source_data,main_figures_final_package\source_data\figure3\vasc_stability_raw_metrics\dropout_2_VASC_dr1.csv,1,15,Method; knn_10; knn_20; knn_30; svm; nkr_10; aji_10; nkr_20; aji_20; nkr_30; aji_30; random_triplet
main_figure_source_data,main_figures_final_package\source_data\figure3\vasc_stability_raw_metrics\dropout_2_VASC_dr2.csv,1,11,Method; AUC; Qlocal; Qglobal; T_10; T_20; T_30; C_10; C_20; C_30; kmax
main_figure_source_data,main_figures_final_package\source_data\figure3\vasc_stability_raw_metrics\dropout_2_VASC_kmeans.csv,1,6,Method; ARI; NMI; SIL; COMP; HOMO
main_figure_source_data,main_figures_final_package\source_data\figure3\vasc_stability_raw_metrics\dropout_3_VASC_dr1.csv,1,15,Method; knn_10; knn_20; knn_30; svm; nkr_10; aji_10; nkr_20; aji_20; nkr_30; aji_30; random_triplet
main_figure_source_data,main_figures_final_package\source_data\figure3\vasc_stability_raw_metrics\dropout_3_VASC_dr2.csv,1,11,Method; AUC; Qlocal; Qglobal; T_10; T_20; T_30; C_10; C_20; C_30; kmax
main_figure_source_data,main_figures_final_package\source_data\figure3\vasc_stability_raw_metrics\dropout_3_VASC_kmeans.csv,1,6,Method; ARI; NMI; SIL; COMP; HOMO
main_figure_source_data,main_figures_final_package\source_data\figure3\vasc_stability_raw_metrics\gene_2w_VASC_dr1.csv,1,15,Method; knn_10; knn_20; knn_30; svm; nkr_10; aji_10; nkr_20; aji_20; nkr_30; aji_30; random_triplet
main_figure_source_data,main_figures_final_package\source_data\figure3\vasc_stability_raw_metrics\gene_2w_VASC_dr2.csv,1,11,Method; AUC; Qlocal; Qglobal; T_10; T_20; T_30; C_10; C_20; C_30; kmax
main_figure_source_data,main_figures_final_package\source_data\figure3\vasc_stability_raw_metrics\gene_2w_VASC_kmeans.csv,1,6,Method; ARI; NMI; SIL; COMP; HOMO
main_figure_source_data,main_figures_final_package\source_data\figure3\vasc_stability_raw_metrics\gene_3w_VASC_dr1.csv,1,15,Method; knn_10; knn_20; knn_30; svm; nkr_10; aji_10; nkr_20; aji_20; nkr_30; aji_30; random_triplet
main_figure_source_data,main_figures_final_package\source_data\figure3\vasc_stability_raw_metrics\gene_3w_VASC_dr2.csv,1,11,Method; AUC; Qlocal; Qglobal; T_10; T_20; T_30; C_10; C_20; C_30; kmax
main_figure_source_data,main_figures_final_package\source_data\figure3\vasc_stability_raw_metrics\gene_3w_VASC_kmeans.csv,1,6,Method; ARI; NMI; SIL; COMP; HOMO
main_figure_source_data,main_figures_final_package\source_data\figure3\vasc_stability_raw_metrics\gene_4w_VASC_dr1.csv,1,15,Method; knn_10; knn_20; knn_30; svm; nkr_10; aji_10; nkr_20; aji_20; nkr_30; aji_30; random_triplet
main_figure_source_data,main_figures_final_package\source_data\figure3\vasc_stability_raw_metrics\gene_4w_VASC_dr2.csv,1,11,Method; AUC; Qlocal; Qglobal; T_10; T_20; T_30; C_10; C_20; C_30; kmax
main_figure_source_data,main_figures_final_package\source_data\figure3\vasc_stability_raw_metrics\gene_4w_VASC_kmeans.csv,1,6,Method; ARI; NMI; SIL; COMP; HOMO
main_figure_source_data,main_figures_final_package\source_data\figure3\vasc_stability_raw_metrics\gene_5k_VASC_dr1.csv,1,15,Method; knn_10; knn_20; knn_30; svm; nkr_10; aji_10; nkr_20; aji_20; nkr_30; aji_30; random_triplet
main_figure_source_data,main_figures_final_package\source_data\figure3\vasc_stability_raw_metrics\gene_5k_VASC_dr2.csv,1,11,Method; AUC; Qlocal; Qglobal; T_10; T_20; T_30; C_10; C_20; C_30; kmax
main_figure_source_data,main_figures_final_package\source_data\figure3\vasc_stability_raw_metrics\gene_5k_VASC_kmeans.csv,1,6,Method; ARI; NMI; SIL; COMP; HOMO
main_figure_source_data,main_figures_final_package\source_data\figure3\vasc_stability_raw_metrics\gene_5w_VASC_dr1.csv,1,15,Method; knn_10; knn_20; knn_30; svm; nkr_10; aji_10; nkr_20; aji_20; nkr_30; aji_30; random_triplet
main_figure_source_data,main_figures_final_package\source_data\figure3\vasc_stability_raw_metrics\gene_5w_VASC_dr2.csv,1,11,Method; AUC; Qlocal; Qglobal; T_10; T_20; T_30; C_10; C_20; C_30; kmax
main_figure_source_data,main_figures_final_package\source_data\figure3\vasc_stability_raw_metrics\gene_5w_VASC_kmeans.csv,1,6,Method; ARI; NMI; SIL; COMP; HOMO
main_figure_source_data,main_figures_final_package\source_data\figure3\vasc_stability_raw_metrics\out_0.1_VASC_dr1.csv,1,15,Method; knn_10; knn_20; knn_30; svm; nkr_10; aji_10; nkr_20; aji_20; nkr_30; aji_30; random_triplet
main_figure_source_data,main_figures_final_package\source_data\figure3\vasc_stability_raw_metrics\out_0.1_VASC_dr2.csv,1,11,Method; AUC; Qlocal; Qglobal; T_10; T_20; T_30; C_10; C_20; C_30; kmax
main_figure_source_data,main_figures_final_package\source_data\figure3\vasc_stability_raw_metrics\out_0.1_VASC_kmeans.csv,1,6,Method; ARI; NMI; SIL; COMP; HOMO
main_figure_source_data,main_figures_final_package\source_data\figure3\vasc_stability_raw_metrics\out_0.2_VASC_dr1.csv,1,15,Method; knn_10; knn_20; knn_30; svm; nkr_10; aji_10; nkr_20; aji_20; nkr_30; aji_30; random_triplet
main_figure_source_data,main_figures_final_package\source_data\figure3\vasc_stability_raw_metrics\out_0.2_VASC_dr2.csv,1,11,Method; AUC; Qlocal; Qglobal; T_10; T_20; T_30; C_10; C_20; C_30; kmax
main_figure_source_data,main_figures_final_package\source_data\figure3\vasc_stability_raw_metrics\out_0.2_VASC_kmeans.csv,1,6,Method; ARI; NMI; SIL; COMP; HOMO
main_figure_source_data,main_figures_final_package\source_data\figure3\vasc_stability_raw_metrics\out_0.3_VASC_dr1.csv,1,15,Method; knn_10; knn_20; knn_30; svm; nkr_10; aji_10; nkr_20; aji_20; nkr_30; aji_30; random_triplet
main_figure_source_data,main_figures_final_package\source_data\figure3\vasc_stability_raw_metrics\out_0.3_VASC_dr2.csv,1,11,Method; AUC; Qlocal; Qglobal; T_10; T_20; T_30; C_10; C_20; C_30; kmax
main_figure_source_data,main_figures_final_package\source_data\figure3\vasc_stability_raw_metrics\out_0.3_VASC_kmeans.csv,1,6,Method; ARI; NMI; SIL; COMP; HOMO
main_figure_source_data,main_figures_final_package\source_data\figure3\vasc_stability_raw_metrics\out_0.4_VASC_dr1.csv,1,15,Method; knn_10; knn_20; knn_30; svm; nkr_10; aji_10; nkr_20; aji_20; nkr_30; aji_30; random_triplet
main_figure_source_data,main_figures_final_package\source_data\figure3\vasc_stability_raw_metrics\out_0.4_VASC_dr2.csv,1,11,Method; AUC; Qlocal; Qglobal; T_10; T_20; T_30; C_10; C_20; C_30; kmax
main_figure_source_data,main_figures_final_package\source_data\figure3\vasc_stability_raw_metrics\out_0.4_VASC_kmeans.csv,1,6,Method; ARI; NMI; SIL; COMP; HOMO
main_figure_source_data,main_figures_final_package\source_data\figure3\vasc_stability_raw_metrics\out_0.5_VASC_dr1.csv,1,15,Method; knn_10; knn_20; knn_30; svm; nkr_10; aji_10; nkr_20; aji_20; nkr_30; aji_30; random_triplet
main_figure_source_data,main_figures_final_package\source_data\figure3\vasc_stability_raw_metrics\out_0.5_VASC_dr2.csv,1,11,Method; AUC; Qlocal; Qglobal; T_10; T_20; T_30; C_10; C_20; C_30; kmax
main_figure_source_data,main_figures_final_package\source_data\figure3\vasc_stability_raw_metrics\out_0.5_VASC_kmeans.csv,1,6,Method; ARI; NMI; SIL; COMP; HOMO
main_figure_source_data,main_figures_final_package\source_data\figure4\Figure_4_DRA_large_dataset_completion_matrix.csv,78,6,dataset_dir; dataset_id; parent_method; status; file; label_rows
main_figure_source_data,main_figures_final_package\source_data\figure4\Figure_4_DRA_large_dataset_structure_metrics.csv,924,13,method_id; method_raw; parent_method; metric; value; raw_metric_value; dataset_category; dataset_id; dataset_dir; source; structure_table; metric_sample_n
main_figure_source_data,main_figures_final_package\source_data\figure4\Figure_4_real_dataset_structure_preservation_panel_data.csv,9811,51,method_id; knn_10; knn_30; nkr_30; aji_30; T_30; C_30; nh_30; svm; panel; random_triplet; spearman
main_figure_source_data,main_figures_final_package\source_data\figure4\Figure_4_real_dataset_structure_preservation_selected_panel_data.csv,24763,51,parent_method; nkr_30; aji_30; T_30; C_30; nh_30; panel; random_triplet; spearman; k-nearest; centroid_distance; Pearson
main_figure_source_data,main_figures_final_package\source_data\figure4\Figure_4_real_dataset_structure_preservation_selected_source_data.csv,93978,41,method_id; C_10; C_20; C_30; Mrre_false_10; Mrre_false_20; Mrre_false_30; Mrre_missing_10; Mrre_missing_20; Mrre_missing_30; T_10; T_20
main_figure_source_data,main_figures_final_package\source_data\figure4\Figure_4_real_dataset_structure_preservation_with_completion_panel_data.csv,14646,52,parent_method; nkr_30; aji_30; T_30; C_30; nh_30; panel; random_triplet; spearman; k-nearest; centroid_distance; Pearson
main_figure_source_data,main_figures_final_package\source_data\figure4\Figure_4_real_dataset_structure_preservation_with_large_DRA_source_data.csv,93978,41,method_id; C_10; C_20; C_30; Mrre_false_10; Mrre_false_20; Mrre_false_30; Mrre_missing_10; Mrre_missing_20; Mrre_missing_30; T_10; T_20
main_figure_source_data,main_figures_final_package\source_data\figure4\Figure_4_structure_preservation_top_tier_panel_data.csv,17270,59,method_id; knn_10; knn_30; nkr_30; aji_30; T_30; C_30; nh_30; svm; panel; random_triplet; spearman
main_figure_source_data,main_figures_final_package\source_data\figure5\Figure_5_annotation_clustering_concordance_real_only_panel_data.csv,7589,22,parent_method; clustering_algorithm; median_ari; family; panel; metric; median_value; dataset_category; dataset_id; ari; ARI; NMI
main_figure_source_data,main_figures_final_package\source_data\figure5\Figure_5_annotation_clustering_concordance_real_only_qa_summary.csv,1,25,panel_count; raw_rows; real_raw_rows; real_parent_collapsed_rows; real_parent_expected_rows; real_parent_missing_rows; real_parent_missing_combinations; real_dataset_count; dataset_algorithm_task_count; parent_method_count; canonical_full_methods; ari_heatmap_methods
main_figure_source_data,main_figures_final_package\source_data\figure5\Figure_5_annotation_clustering_real_only_missing_blocks.csv,30,5,dataset_category; dataset_id; parent_method; clustering_algorithm; missing_metric_count
main_figure_source_data,main_figures_final_package\source_data\figure5\Figure_5_annotation_clustering_real_only_source_data.csv,20730,9,method_raw; value; method_id; parent_method; dataset_category; dataset_id; clustering_algorithm; metric; family
main_figure_source_data,main_figures_final_package\source_data\figure5\Figure_5_Zhengmix4eq_embedding_example_source_data.csv,7988,5,sample; x; y; method; annotation_label
main_figure_source_data,main_figures_final_package\source_data\figure6\Figure_6_scVI_reference_plotted_records.csv,210,46,n_labels; ari; nmi; homogeneity; completeness; silhouette_label; trustworthiness_k30; work_package; dataset_id; method; environment; dimension
main_figure_source_data,main_figures_final_package\source_data\figure6\Figure_6_targeted_sensitivity_controls_full_source_data.csv,1623,46,n_labels; ari; nmi; homogeneity; completeness; silhouette_label; trustworthiness_k30; work_package; dataset_id; method; environment; dimension
main_figure_source_data,main_figures_final_package\source_data\figure6\Figure_6_targeted_sensitivity_controls_polished_panel_data.csv,1745,24,dimension; median; q25; q75; n; metric; panel; method; median_ari; median_ari_2d; median_ari_50d; delta_50d_minus_2d
main_figure_source_data,main_figures_final_package\source_data\figure6\Figure_6_targeted_sensitivity_controls_polished_qa_summary.csv,1,29,panel_count; input_rows; scvi_reference_rows_all; scvi_reference_rows_plotted_max_epochs_20; scvi_reference_rows_excluded_non_20_epochs; scvi_reference_configurations_plotted; scvi_reference_dimensions; dimension_rows; dimension_methods; dimension_datasets; dimension_seeds_min_per_method_dimension; workflow_rows
main_figure_source_data,main_figures_final_package\source_data\figure7\Figure_7_panel_a_plotted_values.csv,9,4,axis; scored; incomplete; total
main_figure_source_data,main_figures_final_package\source_data\figure7\Figure_7_panel_b_plotted_values.csv,26,50,method_id; cell_100; cell_500; cell_1k; cell_5k; cell_1w; cell_2w; cell_3w; cell_4w; cell_5w; gene_5k; gene_2w
main_figure_source_data,main_figures_final_package\source_data\figure7\Figure_7_panel_c_plotted_values.csv,4,10,family_short; cell_number; gene_number; celltype_number; batch_number; batch_strength; dropout; de_prob; de_strength; out
main_figure_source_data,main_figures_final_package\source_data\figure7\Figure_7_panel_d_plotted_values.csv,4,4,family_short; Local; Global; Cluster
main_figure_source_data,main_figures_final_package\source_data\figure7\Figure_7_panel_e_plotted_values.csv,26,6,method_id; family_short; median; q25; q75; n
main_figure_source_data,main_figures_final_package\source_data\figure7\Figure_7_panel_f_plotted_values.csv,1218,5,method_id; family_short; dataset_id; perturbation_axis; score
main_figure_source_data,main_figures_final_package\source_data\figure7\Figure_7_panel_g_plotted_values.csv,68,6,family_short; dataset_id; score; x; panel; trajectory_axis
main_figure_source_data,main_figures_final_package\source_data\figure7\Figure_7_panel_h_plotted_values.csv,40,6,family_short; dataset_id; score; x; panel; trajectory_axis
main_figure_source_data,main_figures_final_package\source_data\figure7\Figure_7_panel_i_plotted_values.csv,40,6,family_short; dataset_id; score; x; panel; trajectory_axis
main_figure_source_data,main_figures_final_package\source_data\figure7\Figure_7_panel_j_plotted_values.csv,40,6,family_short; dataset_id; score; x; panel; trajectory_axis
main_figure_source_data,main_figures_final_package\source_data\figure7\Figure_7_parameter_level_availability_summary.csv,49,7,dataset_id; perturbation_axis; axis_order; required_files; files_present; complete_score_inputs; parameter_label
main_figure_source_data,main_figures_final_package\source_data\figure7\Figure_7_parameter_level_metric_components.csv,25633,12,dataset_id; method_raw; metric; metric_value; component_domain; perturbation_axis; axis_order; method_id; parent_method; parameter_label; method_family; method_order
main_figure_source_data,main_figures_final_package\source_data\figure7\Figure_7_parameter_level_stability_source_data.csv,1417,26,method_raw; dataset_id; score; local_score; global_score; cluster_score; n_score_metrics; complete_score_inputs; source_layer; method_id; parent_method; perturbation_axis
main_figure_source_data,main_figures_final_package\source_data\figure7\Figure_7_parameter_source_qa_summary.csv,1,13,parameter_level_rows; metric_component_rows; method_raw_count; method_id_count; parent_method_count; perturbation_axis_count; parameter_dataset_count; complete_parameter_dataset_count; incomplete_parameter_dataset_count; available_score_rows; missing_score_rows; max_abs_axis_score_diff_vs_published
main_figure_source_data,main_figures_final_package\source_data\figure7\Figure_7_recomputed_axis_stability_source_data.csv,261,8,method_raw; method_id; parent_method; perturbation_axis; score; parameter_levels; method_family; method_order
main_figure_source_data,main_figures_final_package\source_data\figure7\Figure_7_recomputed_vs_published_axis_score_check.csv,261,6,method_raw; published_axis_score; method_id; recomputed_axis_score; perturbation_axis; abs_diff
main_figure_source_data,main_figures_final_package\source_data\figure7\Figure_7_required_file_availability_long.csv,392,6,dataset_id; file_role; path; exists; perturbation_axis; axis_order
main_figure_source_data,main_figures_final_package\source_data\figure8\Figure_8_completion_missingness_audit_source_data.csv,26,15,method_id; 100; 500; 1000; 2000; 5000; 10000; 20000; 30000; 50000; 73233; completed_levels
main_figure_source_data,main_figures_final_package\source_data\figure8\Figure_8_efficiency_scaling_full26_source_data.csv,247,18,method_raw; method_id; parent_method; n_cells; peak_memory_gb; runtime_seconds; source; method; language; role; install_channel; package_or_repo
main_figure_source_data,main_figures_final_package\source_data\figure8\Figure_8_install_manifest_full26_source_data.csv,26,17,method_raw; method_id; parent_method; n_cells; peak_memory_gb; runtime_seconds; source; method; language; role; install_channel; package_or_repo
main_figure_source_data,main_figures_final_package\source_data\figure8\Figure_8_panel_a_plotted_values.csv,247,4,method_id; family_short; n_cells; runtime_seconds
main_figure_source_data,main_figures_final_package\source_data\figure8\Figure_8_panel_b_plotted_values.csv,247,4,method_id; family_short; n_cells; peak_memory_gb
main_figure_source_data,main_figures_final_package\source_data\figure8\Figure_8_panel_c_plotted_values.csv,26,11,method_id; 100; 500; 1000; 2000; 5000; 10000; 20000; 30000; 50000; 73233
main_figure_source_data,main_figures_final_package\source_data\figure8\Figure_8_panel_d_plotted_values.csv,26,5,method_id; family_short; n_cells; runtime_seconds; peak_memory_gb
main_figure_source_data,main_figures_final_package\source_data\figure8\Figure_8_panel_e_plotted_values.csv,52,4,method_id; family_short; metric; scaling_exponent
main_figure_source_data,main_figures_final_package\source_data\figure8\Figure_8_panel_f_plotted_values.csv,1,4,plotted_full_benchmark_methods; verified_install_or_import_rows; environments; source_commit_records
main_figure_source_data,main_figures_final_package\source_data\figure8\Figure_8_panel_g_plotted_values.csv,26,4,method_id; family_short; runtime_seconds; common_cell
main_figure_source_data,main_figures_final_package\source_data\figure8\Figure_8_panel_h_plotted_values.csv,26,4,method_id; family_short; peak_memory_gb; common_cell
main_figure_source_data,main_figures_final_package\source_data\figure8\Figure_8_source_commit_records.csv,17,16,method_raw; method_id; parent_method; n_cells; peak_memory_gb; runtime_seconds; source; method; language; role; install_channel; package_or_repo
main_figure_source_data,main_figures_final_package\source_data\figure9\Figure_9_panel_a_plotted_values.csv,25,37,objective; method_id; row_index; family_short; local; local_symbol; local_class; global; global_symbol; global_class; kmeans; kmeans_symbol
main_figure_source_data,main_figures_final_package\source_data\figure9\Figure_9_panel_b_plotted_values.csv,26,4,method_id; appearances; family_short; method_order
main_figure_source_data,main_figures_final_package\source_data\figure9\Figure_9_panel_c_plotted_values.csv,26,9,method_id; family_short; local; global; kmeans; runtime_score; memory_score; stability_median; overall_mean
main_figure_source_data,main_figures_final_package\source_data\figure9\Figure_9_panel_d_plotted_values.csv,26,5,method_id; family_short; runtime_score; local; overall_mean
main_figure_source_data,main_figures_final_package\source_data\figure9\Figure_9_panel_e_plotted_values.csv,26,5,method_id; family_short; memory_score; global; overall_mean
main_figure_source_data,main_figures_final_package\source_data\figure9\Figure_9_panel_f_plotted_values.csv,26,5,method_id; family_short; stability_median; kmeans; overall_mean
main_figure_source_data,main_figures_final_package\source_data\figure9\Figure_9_panel_g_plotted_values.csv,21,5,method_id; family_short; n_cells; runtime_seconds; peak_memory_gb
main_figure_source_data,main_figures_final_package\source_data\figure9\Figure_9_panel_h_plotted_values.csv,26,5,method_id; family_short; dropout; batch; mean_score
main_figure_source_data,main_figures_final_package\source_data\figure9\Figure_9_panel_i_plotted_values.csv,40,6,method_id; control_layer; control_label; n_runs; n_datasets; family_short
main_figure_source_data,main_figures_final_package\source_data\figure9\Figure_9_panel_j_plotted_values.csv,17,6,method_id; control_layer; control_label; sensitivity; effect_definition; family_short
compiled_figure_source_data,compiled_figure_source_package\source_data\Figure_1_method_taxonomy_source_data.csv,35,16,method_id; parent_method; benchmark_scope; method_family_raw; method_family; implementation_principle; implementation_language; source_or_url; publication_year; reference; is_variant; variant_note
compiled_figure_source_data,compiled_figure_source_package\source_data\Figure_2_full_dataset_landscape_source_data.csv,209,34,atlas_layer; dataset_type; source_table; source_row; dataset_label; dataset_group; source_repository; species; tissue_or_cell_type; condition; cells; cell_count_text
compiled_figure_source_data,compiled_figure_source_package\source_data\Figure_3_full_benchmark_score_landscape_source_data.csv,254,15,method_id; local; global; kmeans; louvain; spectral; runtime_score; memory_score; stability_median; overall_mean; source; method_raw
compiled_figure_source_data,compiled_figure_source_package\source_data\Figure_4_structure_preservation_source_data.csv,93054,41,method_id; C_10; C_20; C_30; Mrre_false_10; Mrre_false_20; Mrre_false_30; Mrre_missing_10; Mrre_missing_20; Mrre_missing_30; T_10; T_20
compiled_figure_source_data,compiled_figure_source_package\source_data\Figure_5_clustering_concordance_source_data.csv,40830,8,method_raw; value; method_id; parent_method; dataset_category; dataset_id; clustering_algorithm; metric
compiled_figure_source_data,compiled_figure_source_package\source_data\Figure_6_sensitivity_controls_source_data.csv,1623,45,n_labels; ari; nmi; homogeneity; completeness; silhouette_label; trustworthiness_k30; work_package; dataset_id; method; environment; dimension
compiled_figure_source_data,compiled_figure_source_package\source_data\Figure_7_simulated_robustness_source_data.csv,252,6,method_raw; method_id; parent_method; perturbation_axis; score; family
compiled_figure_source_data,compiled_figure_source_package\source_data\Figure_8_scalability_reproducibility_source_data.csv,291,16,method_raw; method_id; parent_method; n_cells; peak_memory_gb; runtime_seconds; source; method; language; role; install_channel; package_or_repo
compiled_figure_source_data,compiled_figure_source_package\source_data\Figure_9_practical_method_selection_source_data.csv,45,7,criterion; rank; method_id; score; source; workflow_delta; hvg_ari_iqr
compiled_figure_source_data,compiled_figure_source_package\source_data\Supplementary_Figure_S10_stability_source_data.csv,252,5,method_raw; method_id; parent_method; perturbation_axis; score
compiled_figure_source_data,compiled_figure_source_package\source_data\Supplementary_Figure_S11_scVI_reference_source_data.csv,215,24,n_labels; ari; nmi; homogeneity; completeness; silhouette_label; trustworthiness_k30; work_package; dataset_id; method; environment; dimension
compiled_figure_source_data,compiled_figure_source_package\source_data\Supplementary_Figure_S12_dimension_source_data.csv,640,37,metric_sample_size; n_labels; ari; nmi; homogeneity; completeness; silhouette_label; trustworthiness_k30; work_package; dataset_id; method; environment
compiled_figure_source_data,compiled_figure_source_package\source_data\Supplementary_Figure_S13_workflow_comparison_source_data.csv,192,26,metric_sample_size; n_labels; ari; nmi; homogeneity; completeness; silhouette_label; trustworthiness_k30; work_package; dataset_id; method; environment
compiled_figure_source_data,compiled_figure_source_package\source_data\Supplementary_Figure_S14_input_gene_source_data.csv,576,33,metric_sample_size; n_labels; ari; nmi; homogeneity; completeness; silhouette_label; trustworthiness_k30; work_package; dataset_id; method; environment
compiled_figure_source_data,compiled_figure_source_package\source_data\Supplementary_Figure_S15_reproducibility_audit_source_data.csv,74,23,method; language; role; source; install_channel; package_or_repo; environment; status; notes; commit; method_id; parent_method
compiled_figure_source_data,compiled_figure_source_package\source_data\Supplementary_Figure_S1_method_catalog_source_data.csv,30,13,method_id; parent_method; benchmark_scope; method_family_raw; method_family; implementation_principle; implementation_language; source_or_url; publication_year; reference; is_variant; variant_note
compiled_figure_source_data,compiled_figure_source_package\source_data\Supplementary_Figure_S2_full_dataset_atlas_source_data.csv,100,23,atlas_layer; dataset_type; source_table; source_row; dataset_label; dataset_group; source_repository; species; tissue_or_cell_type; condition; cells; cell_count_text
compiled_figure_source_data,compiled_figure_source_package\source_data\Supplementary_Figure_S3_real_dataset_landscape_source_data.csv,49,10,category; dataset; cells; genes; sparsity_pct; cell_types; size_mb; Unnamed: 7; dataset_type; atlas_layer
compiled_figure_source_data,compiled_figure_source_package\source_data\Supplementary_Figure_S4_simulated_parameter_landscape_source_data.csv,50,11,param_group; param_value; cells; genes; sparsity_pct; n_batches; n_groups; size_mb; dataset_type; atlas_layer; dataset_label
compiled_figure_source_data,compiled_figure_source_package\source_data\Supplementary_Figure_S5_full_score_matrix_source_data.csv,225,5,method_raw; method_id; parent_method; score_domain; score
compiled_figure_source_data,compiled_figure_source_package\source_data\Supplementary_Figure_S6_local_neighborhood_source_data.csv,29,26,method_id; C_10; C_20; C_30; Mrre_false_10; Mrre_false_20; Mrre_false_30; Mrre_missing_10; Mrre_missing_20; Mrre_missing_30; T_10; T_20
compiled_figure_source_data,compiled_figure_source_package\source_data\Supplementary_Figure_S7_global_geometry_source_data.csv,29,8,method_id; AUC; Pearson; Qglobal; centroid_distance; k-nearest; random_triplet; spearman
compiled_figure_source_data,compiled_figure_source_package\source_data\Supplementary_Figure_S8_clustering_metrics_source_data.csv,40830,8,method_raw; value; method_id; parent_method; dataset_category; dataset_id; clustering_algorithm; metric
compiled_figure_source_data,compiled_figure_source_package\source_data\Supplementary_Figure_S9_efficiency_scaling_source_data.csv,247,6,method_raw; method_id; parent_method; n_cells; peak_memory_gb; runtime_seconds
supplementary_table_source_data,supplementary_table_source_archive\source_tables\Supplementary_Table_S1_revised_method_catalog.csv,30,13,method_id; parent_method; benchmark_scope; method_family_raw; method_family; implementation_principle; implementation_language; source_or_url; publication_year; reference; is_variant; variant_note
supplementary_table_source_data,supplementary_table_source_archive\source_tables\Supplementary_Table_S2_revised_real_dataset_atlas.csv,50,15,atlas_layer; dataset_type; source_table; source_row; dataset_label; dataset_group; source_repository; species; tissue_or_cell_type; condition; cells; cell_count_text
supplementary_table_source_data,supplementary_table_source_archive\source_tables\Supplementary_Table_S3_revised_simulated_dataset_atlas.csv,50,11,param_group; param_value; cells; genes; sparsity_pct; n_batches; n_groups; size_mb; dataset_type; atlas_layer; dataset_label
supplementary_table_source_data,supplementary_table_source_archive\source_tables\Supplementary_Table_S4_dataset_accounting_and_availability.csv,7,4,evidence_layer; source; rows_or_datasets; note
supplementary_table_source_data,supplementary_table_source_archive\source_tables\Supplementary_Table_S5_Figure3_score_component_inventory.csv,16,8,score_domain; metric_component; display_definition; raw_direction; component_order; domain_component_count; profile_weight_per_component; domain_weight_in_profile
supplementary_table_source_data,supplementary_table_source_archive\source_tables\Supplementary_Table_S6_Figure3_completed_score_matrix.csv,26,25,method_id; family; structure_mean; clustering_mean; efficiency_mean; stability_mean_9_components; overall_mean; profile_score_recomputed_16_components; profile_score_abs_diff; local; global; kmeans
supplementary_table_source_data,supplementary_table_source_archive\source_tables\Supplementary_Table_S7_VASC_Figure3_score_construction_audit.csv,25,5,method_id; level; domain; metric; score
supplementary_table_source_data,supplementary_table_source_archive\source_tables\Supplementary_Table_S7_VASC_validation_checks.csv,4,4,check; value; expected; abs_diff
