source_collection,metric,datasets,methods,records,median_value,q25_value,q75_value
SIMLR reference datasets,AUC,2,26,58,0.5785,0.5457500000000001,0.60575
SIMLR reference datasets,C_10,2,26,58,0.749,0.5762499999999999,0.83075
SIMLR reference datasets,C_20,2,26,58,0.7324999999999999,0.57,0.829
SIMLR reference datasets,C_30,2,26,58,0.717,0.5625,0.7917500000000001
SIMLR reference datasets,Mrre_false_10,2,26,58,0.656,0.5974999999999999,0.72975
SIMLR reference datasets,Mrre_false_20,2,26,58,0.653,0.599,0.72425
SIMLR reference datasets,Mrre_false_30,2,26,58,0.653,0.5994999999999999,0.7215
SIMLR reference datasets,Mrre_missing_10,2,26,58,0.745,0.58475,0.848
SIMLR reference datasets,Mrre_missing_20,2,26,58,0.741,0.5752499999999999,0.8322499999999999
SIMLR reference datasets,Mrre_missing_30,2,26,58,0.7304999999999999,0.5694999999999999,0.8172499999999999
SIMLR reference datasets,Pearson,2,26,58,0.23049999999999998,0.07475,0.369
SIMLR reference datasets,Qglobal,2,26,58,0.666,0.628,0.707
SIMLR reference datasets,Qlocal,2,26,58,0.2585,0.19775,0.327
SIMLR reference datasets,T_10,2,26,58,0.66,0.60175,0.74025
SIMLR reference datasets,T_20,2,26,58,0.6645000000000001,0.6105,0.7384999999999999
SIMLR reference datasets,T_30,2,26,58,0.668,0.6154999999999999,0.7315
SIMLR reference datasets,aji_10,2,26,58,0.038,0.022,0.13175
SIMLR reference datasets,aji_20,2,26,58,0.0605,0.04025,0.2395
SIMLR reference datasets,aji_30,2,26,58,0.0825,0.062,0.30325
SIMLR reference datasets,centroid_distance,2,26,58,0.6234999999999999,0.429,0.77975
SIMLR reference datasets,k-nearest,2,26,58,0.5,0.25,0.74425
SIMLR reference datasets,kmax,2,26,58,86.5,31.75,138.5
SIMLR reference datasets,knn_10,2,26,58,0.844,0.6900000000000001,0.88625
SIMLR reference datasets,knn_20,2,26,58,0.8254999999999999,0.691,0.8775
SIMLR reference datasets,knn_30,2,26,58,0.769,0.6567500000000001,0.85975
SIMLR reference datasets,nh_10,2,26,58,0.782,0.636,0.863
SIMLR reference datasets,nh_20,2,26,58,0.731,0.6014999999999999,0.82475
SIMLR reference datasets,nh_30,2,26,58,0.6525000000000001,0.52975,0.79525
SIMLR reference datasets,nkr_10,2,26,58,0.0885,0.0385,0.20925
SIMLR reference datasets,nkr_20,2,26,58,0.1215,0.06825,0.36175
SIMLR reference datasets,nkr_30,2,26,58,0.1525,0.101,0.4315
SIMLR reference datasets,random_triplet,2,26,58,0.574,0.53625,0.62675
SIMLR reference datasets,spearman,2,26,58,0.20950000000000002,0.05725,0.36075
SIMLR reference datasets,svm,2,26,58,0.799,0.64875,0.86575
trajectory-inference reference datasets,AUC,20,26,576,0.598,0.5567500000000001,0.695
trajectory-inference reference datasets,C_10,20,26,576,0.8045,0.65925,0.876
trajectory-inference reference datasets,C_20,20,26,576,0.795,0.6555,0.86825
trajectory-inference reference datasets,C_30,20,26,576,0.786,0.652,0.867
trajectory-inference reference datasets,Mrre_false_10,20,26,576,0.6455,0.577,0.829
trajectory-inference reference datasets,Mrre_false_20,20,26,576,0.644,0.577,0.8232499999999999
trajectory-inference reference datasets,Mrre_false_30,20,26,576,0.645,0.577,0.81225
trajectory-inference reference datasets,Mrre_missing_10,20,26,576,0.814,0.662,0.881
trajectory-inference reference datasets,Mrre_missing_20,20,26,576,0.8085,0.6567500000000001,0.871
trajectory-inference reference datasets,Mrre_missing_30,20,26,576,0.8015000000000001,0.652,0.865
trajectory-inference reference datasets,Pearson,20,26,576,0.4055,0.2105,0.583
trajectory-inference reference datasets,Qglobal,20,26,576,0.7825,0.675,0.843
trajectory-inference reference datasets,Qlocal,20,26,576,0.3315,0.205,0.409
trajectory-inference reference datasets,T_10,20,26,576,0.645,0.57875,0.848
trajectory-inference reference datasets,T_20,20,26,576,0.647,0.579,0.85225
trajectory-inference reference datasets,T_30,20,26,576,0.648,0.58075,0.8565
trajectory-inference reference datasets,aji_10,20,26,576,0.017,0.006,0.09925
trajectory-inference reference datasets,aji_20,20,26,576,0.027,0.01,0.184
trajectory-inference reference datasets,aji_30,20,26,576,0.034,0.014,0.251
trajectory-inference reference datasets,centroid_distance,20,26,576,0.801,0.59475,0.925
trajectory-inference reference datasets,k-nearest,20,26,576,0.688,0.533,0.806
trajectory-inference reference datasets,kmax,20,26,576,317.5,49.0,1438.5
trajectory-inference reference datasets,knn_10,20,26,576,0.8115000000000001,0.65575,0.901
trajectory-inference reference datasets,knn_20,20,26,576,0.811,0.663,0.88625
trajectory-inference reference datasets,knn_30,20,26,576,0.804,0.657,0.876
trajectory-inference reference datasets,nh_10,20,26,576,0.7475,0.56325,0.86
trajectory-inference reference datasets,nh_20,20,26,576,0.728,0.5515000000000001,0.8432499999999999
trajectory-inference reference datasets,nh_30,20,26,576,0.7204999999999999,0.54,0.823
trajectory-inference reference datasets,nkr_10,20,26,576,0.038,0.012,0.1805
trajectory-inference reference datasets,nkr_20,20,26,576,0.055,0.02,0.30825
trajectory-inference reference datasets,nkr_30,20,26,576,0.0675,0.02675,0.39575000000000005
trajectory-inference reference datasets,random_triplet,20,26,576,0.6275,0.577,0.7324999999999999
trajectory-inference reference datasets,spearman,20,26,576,0.40549999999999997,0.224,0.6535
trajectory-inference reference datasets,svm,20,26,576,0.7955000000000001,0.6485000000000001,0.882
VASC reference datasets,AUC,6,26,173,0.716,0.636,0.789
VASC reference datasets,C_10,6,26,173,0.931,0.783,0.964
VASC reference datasets,C_20,6,26,173,0.922,0.769,0.964
VASC reference datasets,C_30,6,26,173,0.89,0.74,0.944
VASC reference datasets,Mrre_false_10,6,26,173,0.888,0.744,0.926
VASC reference datasets,Mrre_false_20,6,26,173,0.878,0.739,0.918
VASC reference datasets,Mrre_false_30,6,26,173,0.859,0.737,0.91
VASC reference datasets,Mrre_missing_10,6,26,173,0.918,0.789,0.943
VASC reference datasets,Mrre_missing_20,6,26,173,0.905,0.765,0.937
VASC reference datasets,Mrre_missing_30,6,26,173,0.898,0.758,0.931
VASC reference datasets,Pearson,6,26,173,0.628,0.396,0.795
VASC reference datasets,Qglobal,6,26,173,0.807,0.751,0.862
VASC reference datasets,Qlocal,6,26,173,0.442,0.352,0.566
VASC reference datasets,T_10,6,26,173,0.9,0.745,0.949
VASC reference datasets,T_20,6,26,173,0.886,0.743,0.944
VASC reference datasets,T_30,6,26,173,0.847,0.732,0.928
VASC reference datasets,aji_10,6,26,173,0.102,0.023,0.432
VASC reference datasets,aji_20,6,26,173,0.139,0.039,0.585
VASC reference datasets,aji_30,6,26,173,0.181,0.053,0.603
VASC reference datasets,centroid_distance,6,26,173,0.758,0.574,0.928
VASC reference datasets,k-nearest,6,26,173,0.6,0.5,0.812
VASC reference datasets,kmax,6,26,173,34.0,15.0,768.0
VASC reference datasets,knn_10,6,26,173,0.889,0.628,0.933
VASC reference datasets,knn_20,6,26,173,0.8,0.583,0.895
VASC reference datasets,knn_30,6,26,173,0.72,0.558,0.826
VASC reference datasets,nh_10,6,26,173,0.85,0.535,0.904
VASC reference datasets,nh_20,6,26,173,0.731,0.491,0.852
VASC reference datasets,nh_30,6,26,173,0.585,0.446,0.812
VASC reference datasets,nkr_10,6,26,173,0.189,0.046,0.63
VASC reference datasets,nkr_20,6,26,173,0.257,0.074,0.76
VASC reference datasets,nkr_30,6,26,173,0.297,0.098,0.774
VASC reference datasets,random_triplet,6,26,173,0.718,0.643,0.804
VASC reference datasets,spearman,6,26,173,0.633,0.418,0.804
VASC reference datasets,svm,6,26,173,0.857,0.648,0.904
real-data benchmark collection,AUC,5,26,145,0.663,0.602,0.697
real-data benchmark collection,C_10,5,26,145,0.85,0.741,0.881
real-data benchmark collection,C_20,5,26,145,0.841,0.735,0.874
real-data benchmark collection,C_30,5,26,145,0.831,0.731,0.867
real-data benchmark collection,Mrre_false_10,5,26,145,0.764,0.7,0.816
real-data benchmark collection,Mrre_false_20,5,26,145,0.756,0.691,0.814
real-data benchmark collection,Mrre_false_30,5,26,145,0.748,0.671,0.813
real-data benchmark collection,Mrre_missing_10,5,26,145,0.839,0.738,0.879
real-data benchmark collection,Mrre_missing_20,5,26,145,0.819,0.736,0.875
real-data benchmark collection,Mrre_missing_30,5,26,145,0.805,0.729,0.872
real-data benchmark collection,Pearson,5,26,145,0.51,0.333,0.651
real-data benchmark collection,Qglobal,5,26,145,0.75,0.699,0.817
real-data benchmark collection,Qlocal,5,26,145,0.342,0.279,0.389
real-data benchmark collection,T_10,5,26,145,0.77,0.705,0.824
real-data benchmark collection,T_20,5,26,145,0.764,0.703,0.817
real-data benchmark collection,T_30,5,26,145,0.752,0.695,0.819
real-data benchmark collection,aji_10,5,26,145,0.029,0.012,0.132
real-data benchmark collection,aji_20,5,26,145,0.05,0.022,0.217
real-data benchmark collection,aji_30,5,26,145,0.07,0.031,0.305
real-data benchmark collection,centroid_distance,5,26,145,0.687,0.469,0.905
real-data benchmark collection,k-nearest,5,26,145,0.564,0.438,0.75
real-data benchmark collection,kmax,5,26,145,138.0,55.0,890.0
real-data benchmark collection,knn_10,5,26,145,0.752,0.499,0.928
real-data benchmark collection,knn_20,5,26,145,0.702,0.505,0.919
real-data benchmark collection,knn_30,5,26,145,0.65,0.471,0.9
real-data benchmark collection,nh_10,5,26,145,0.672,0.415,0.899
real-data benchmark collection,nh_20,5,26,145,0.582,0.377,0.881
real-data benchmark collection,nh_30,5,26,145,0.568,0.316,0.857
real-data benchmark collection,nkr_10,5,26,145,0.058,0.024,0.235
real-data benchmark collection,nkr_20,5,26,145,0.092,0.04,0.356
real-data benchmark collection,nkr_30,5,26,145,0.119,0.053,0.463
real-data benchmark collection,random_triplet,5,26,145,0.677,0.61,0.725
real-data benchmark collection,spearman,5,26,145,0.545,0.319,0.674
real-data benchmark collection,svm,5,26,145,0.733,0.514,0.919
scDesign3 reference datasets,AUC,15,26,431,0.684,0.5794999999999999,0.795
scDesign3 reference datasets,C_10,15,26,431,0.904,0.708,0.9635
scDesign3 reference datasets,C_20,15,26,431,0.904,0.706,0.959
scDesign3 reference datasets,C_30,15,26,431,0.901,0.707,0.957
scDesign3 reference datasets,Mrre_false_10,15,26,431,0.825,0.627,0.947
scDesign3 reference datasets,Mrre_false_20,15,26,431,0.825,0.626,0.9404999999999999
scDesign3 reference datasets,Mrre_false_30,15,26,431,0.825,0.625,0.937
scDesign3 reference datasets,Mrre_missing_10,15,26,431,0.91,0.711,0.968
scDesign3 reference datasets,Mrre_missing_20,15,26,431,0.903,0.7044999999999999,0.9635
scDesign3 reference datasets,Mrre_missing_30,15,26,431,0.898,0.6984999999999999,0.961
scDesign3 reference datasets,Pearson,15,26,431,0.457,0.2285,0.706
scDesign3 reference datasets,Qglobal,15,26,431,0.797,0.721,0.86
scDesign3 reference datasets,Qlocal,15,26,431,0.395,0.298,0.5345
scDesign3 reference datasets,T_10,15,26,431,0.826,0.627,0.9455
scDesign3 reference datasets,T_20,15,26,431,0.823,0.6255,0.943
scDesign3 reference datasets,T_30,15,26,431,0.821,0.6265000000000001,0.943
scDesign3 reference datasets,aji_10,15,26,431,0.036,0.004,0.144
scDesign3 reference datasets,aji_20,15,26,431,0.058,0.007,0.1905
scDesign3 reference datasets,aji_30,15,26,431,0.077,0.01,0.229
scDesign3 reference datasets,centroid_distance,15,26,431,0.795,0.5565,0.9125000000000001
scDesign3 reference datasets,k-nearest,15,26,431,0.611,0.444,0.7735000000000001
scDesign3 reference datasets,kmax,15,26,431,524.0,219.0,1900.5
scDesign3 reference datasets,knn_10,15,26,431,0.656,0.5145,0.831
scDesign3 reference datasets,knn_20,15,26,431,0.656,0.5225,0.8274999999999999
scDesign3 reference datasets,knn_30,15,26,431,0.652,0.5195000000000001,0.8234999999999999
scDesign3 reference datasets,nh_10,15,26,431,0.583,0.4105,0.7825
scDesign3 reference datasets,nh_20,15,26,431,0.568,0.403,0.7575000000000001
scDesign3 reference datasets,nh_30,15,26,431,0.553,0.3965,0.7475
scDesign3 reference datasets,nkr_10,15,26,431,0.072,0.009,0.2815
scDesign3 reference datasets,nkr_20,15,26,431,0.109,0.015,0.335
scDesign3 reference datasets,nkr_30,15,26,431,0.14,0.021,0.3775
scDesign3 reference datasets,random_triplet,15,26,431,0.715,0.595,0.8205
scDesign3 reference datasets,spearman,15,26,431,0.55,0.28200000000000003,0.7925
scDesign3 reference datasets,svm,15,26,431,0.632,0.51,0.804
simulated perturbation atlas,AUC,49,25,1341,0.566,0.517,0.605
simulated perturbation atlas,C_10,49,25,1341,0.757,0.523,0.835
simulated perturbation atlas,C_20,49,25,1341,0.746,0.521,0.822
simulated perturbation atlas,C_30,49,25,1341,0.734,0.523,0.813
simulated perturbation atlas,Mrre_false_10,48,25,1316,0.642,0.5317500000000001,0.718
simulated perturbation atlas,Mrre_false_20,48,25,1316,0.643,0.531,0.71925
simulated perturbation atlas,Mrre_false_30,48,25,1316,0.6435,0.53075,0.72
simulated perturbation atlas,Mrre_missing_10,48,25,1316,0.7615000000000001,0.525,0.845
simulated perturbation atlas,Mrre_missing_20,48,25,1316,0.757,0.52575,0.836
simulated perturbation atlas,Mrre_missing_30,48,25,1316,0.754,0.52575,0.8302499999999999
simulated perturbation atlas,Pearson,48,25,1316,0.177,0.08975,0.298
simulated perturbation atlas,Qglobal,49,25,1341,0.681,0.645,0.802
simulated perturbation atlas,Qlocal,49,25,1341,0.241,0.192,0.365
simulated perturbation atlas,T_10,49,25,1341,0.644,0.533,0.716
simulated perturbation atlas,T_20,49,25,1341,0.647,0.533,0.722
simulated perturbation atlas,T_30,49,25,1341,0.648,0.535,0.726
simulated perturbation atlas,aji_10,50,25,1386,0.009,0.003,0.014
simulated perturbation atlas,aji_20,50,25,1386,0.016,0.006,0.025
simulated perturbation atlas,aji_30,50,25,1386,0.023,0.008,0.036
simulated perturbation atlas,centroid_distance,50,25,1386,0.633,0.44,0.813
simulated perturbation atlas,k-nearest,50,25,1386,0.4,0.2,0.6
simulated perturbation atlas,kmax,49,25,1341,420.0,310.0,999.0
simulated perturbation atlas,knn_10,50,25,1386,0.8895,0.29125,0.997
simulated perturbation atlas,knn_20,50,25,1386,0.892,0.31,0.997
simulated perturbation atlas,knn_30,50,25,1386,0.892,0.31925000000000003,0.997
simulated perturbation atlas,nh_10,48,25,1316,0.8514999999999999,0.258,0.995
simulated perturbation atlas,nh_20,48,25,1316,0.846,0.252,0.994
simulated perturbation atlas,nh_30,48,25,1316,0.844,0.24875,0.994
simulated perturbation atlas,nkr_10,50,25,1386,0.017,0.006,0.027
simulated perturbation atlas,nkr_20,50,25,1386,0.031,0.011,0.049
simulated perturbation atlas,nkr_30,50,25,1386,0.045,0.016,0.069
simulated perturbation atlas,random_triplet,50,25,1386,0.568,0.521,0.61375
simulated perturbation atlas,spearman,50,25,1385,0.169,0.073,0.292
simulated perturbation atlas,svm,50,25,1386,0.89,0.324,0.997
