atlas_layer,dataset_type,source_table,source_row,dataset_label,dataset_group,source_repository,species,tissue_or_cell_type,condition,cells,cell_count_text,sequencing_technology,year,counting_rule,source,param_group,param_value,genes,sparsity_pct,n_batches,n_groups,size_mb
manuscript_100_dataset_atlas,real,Supplementary Table S2,1.0,yan,yan,GSE36552,Human,Embryonic stem cells,Developmental,90.0,90,Tang,2013.0,single_row_dataset,real_atlas,,,,,,,
manuscript_100_dataset_atlas,real,Supplementary Table S2,2.0,Baron,Baron,GSE84133,Human、Mouse,Pancreas,Healthy,10455.0,8569、1886,inDrop,2016.0,baron_human_mouse_counted_as_one_dataset,real_atlas,,,,,,,
manuscript_100_dataset_atlas,real,Supplementary Table S2,3.0,Xin,Xin,GSE81608,Human,Islet Cells,Disease,1600.0,1600,SMARTer,2016.0,single_row_dataset,real_atlas,,,,,,,
manuscript_100_dataset_atlas,real,Supplementary Table S2,4.0,Biase,Biase,GSE57249,Mouse,Embryonic cells,Developmental,56.0,56,SMARTer,2014.0,single_row_dataset,real_atlas,,,,,,,
manuscript_100_dataset_atlas,real,Supplementary Table S2,5.0,Zeisel,Zeisel,GSE60361,Mouse,Brain,Healthy,3005.0,3005,STRT-Seq,2015.0,single_row_dataset,real_atlas,,,,,,,
manuscript_100_dataset_atlas,real,Supplementary Table S2,6.0,Goolam,Goolam,E-MTAB-3321,Mouse,Embryonic cells,Developmental,124.0,124,Smart-Seq2,2016.0,single_row_dataset,real_atlas,,,,,,,
manuscript_100_dataset_atlas,real,Supplementary Table S2,7.0,Pollen,Pollen,SRP041736,Human,cerebral cortex,Developmental,301.0,301,SMARTer,2014.0,single_row_dataset,real_atlas,,,,,,,
manuscript_100_dataset_atlas,real,Supplementary Table S2,8.0,Usoskin,Usoskin,GSE59739,Mouse,Brain,Healthy,622.0,622,STRT-Seq,2014.0,single_row_dataset,real_atlas,,,,,,,
manuscript_100_dataset_atlas,real,Supplementary Table S2,9.0,Macosko,Macosko,GSE63473,Mouse,Retina,Healthy,44808.0,44808,Drop-Seq,2015.0,single_row_dataset,real_atlas,,,,,,,
manuscript_100_dataset_atlas,real,Supplementary Table S2,10.0,Zheng-68 k,Zheng-68 k,SRP073767,Human,PBMCs,Healthy,68579.0,68579,10x Genomics,2017.0,single_row_dataset,real_atlas,,,,,,,
manuscript_100_dataset_atlas,real,Supplementary Table S2,11.0,Zheng-73 k,Zheng-73 k,SRP073767,Human,Peripheral Blood,Healthy,73233.0,73233,10x Genomics,2017.0,single_row_dataset,real_atlas,,,,,,,
manuscript_100_dataset_atlas,real,Supplementary Table S2,12.0,Darmanis,Darmanis,GSE67835,Human,Brain,Healthy,466.0,466,Smart-Seq2,2015.0,single_row_dataset,real_atlas,,,,,,,
manuscript_100_dataset_atlas,real,Supplementary Table S2,13.0,Pancreatic,Pancreatic,GSE73727,Human,Islet Cells,Healthy,60.0,60,Smart-Seq2,2016.0,single_row_dataset,real_atlas,,,,,,,
manuscript_100_dataset_atlas,real,Supplementary Table S2,14.0,Silver,Silver,GSE115189,Human,PBMCs,Healthy,2590.0,2590,10x Genomics Chromium,2018.0,single_row_dataset,real_atlas,,,,,,,
manuscript_100_dataset_atlas,real,Supplementary Table S2,15.0,Zhengmix4eq,Zhengmix4eq,SRP073767,Human,Peripheral Blood,Healthy,3994.0,3994,10x Genomics,2016.0,single_row_dataset,real_atlas,,,,,,,
manuscript_100_dataset_atlas,real,Supplementary Table S2,16.0,ACINAR,ACINAR,ACINAR,Human,Prostate tissue,Disease,3043.0,3043,10x Visium,2022.0,single_row_dataset,real_atlas,,,,,,,
manuscript_100_dataset_atlas,real,Supplementary Table S2,17.0,ATAC,ATAC,GSE129785,Human,PBMCs,Healthy、Developmental,7034.0,7034,10x scATAC-seq,2019.0,single_row_dataset,real_atlas,,,,,,,
manuscript_100_dataset_atlas,real,Supplementary Table S2,18.0,BATCH,BATCH,GSE132044,Human,PBMCs,Healthy,6276.0,6276,10x scRNA-seq（V2/V3）,2019.0,single_row_dataset,real_atlas,,,,,,,
manuscript_100_dataset_atlas,real,Supplementary Table S2,19.0,CITE,CITE,GSE100866,Human,CBMCs,Healthy,8617.0,8617,CITE-seq,2017.0,single_row_dataset,real_atlas,,,,,,,
manuscript_100_dataset_atlas,real,Supplementary Table S2,20.0,EMBYRO,EMBYRO,E-MTAB-3929,Human,Embryonic cells,Developmental、Healthy,1289.0,1289,scRNA-seq,2016.0,single_row_dataset,real_atlas,,,,,,,
manuscript_100_dataset_atlas,real,Supplementary Table S2,21.0,IFNB,IFNB,GSE96583,Human,PBMCs,Disease+Treatment,13999.0,13999,10x scRNA-seq,2017.0,single_row_dataset,real_atlas,,,,,,,
manuscript_100_dataset_atlas,real,Supplementary Table S2,22.0,MARROW,MARROW,GSE72857,Mouse,Bone marrow,Developmental,2660.0,2660,MARS-seq,2015.0,single_row_dataset,real_atlas,,,,,,,
manuscript_100_dataset_atlas,real,Supplementary Table S2,23.0,MOBSC,MOBSC,GSE121891,Mouse,olfactory bulb,Health+Sensory manipulation,12640.0,12640,10x Chromium,2018.0,single_row_dataset,real_atlas,,,,,,,
manuscript_100_dataset_atlas,real,Supplementary Table S2,24.0,OVARIAN,OVARIAN,OVARIAN,Human,ovarian,Disease,3455.0,3455,10x Visium,2022.0,single_row_dataset,real_atlas,,,,,,,
manuscript_100_dataset_atlas,real,Supplementary Table S2,25.0,PANCREAS,PANCREAS,GSE132188,Mouse,pancreatic,Developmental,2087.0,2087,10x scRNA-seq,2019.0,single_row_dataset,real_atlas,,,,,,,
manuscript_100_dataset_atlas,real,Supplementary Table S2,26.0,SCGEMMETH,SCGEMMETH,SRP077853,Human,foreskin fibroblasts,Developmental,142.0,142,scGEM,2016.0,single_row_dataset,real_atlas,,,,,,,
manuscript_100_dataset_atlas,real,Supplementary Table S2,27.0,SCGEMRNA,SCGEMRNA,SRP077853,Human,foreskin fibroblasts,Developmental,177.0,177,scGEM,2016.0,single_row_dataset,real_atlas,,,,,,,
manuscript_100_dataset_atlas,real,Supplementary Table S2,28.0,SCIATAC,SCIATAC,GSE111586,Mouse,bone marrow,Healthy,4025.0,4025,sci-ATAC-seq,2018.0,single_row_dataset,real_atlas,,,,,,,
manuscript_100_dataset_atlas,real,Supplementary Table S2,29.0,SLIDE,SLIDE,SCP354,Mouse,coronal cerebellum,Healthy,23372.0,23372,Slide-seq,2021.0,single_row_dataset,real_atlas,,,,,,,
manuscript_100_dataset_atlas,real,Supplementary Table S2,30.0,VISIUM,VISIUM,SeuratData,Mouse,Brain,Healthy,2696.0,2696,10x Visium,2019.0,single_row_dataset,real_atlas,,,,,,,
manuscript_100_dataset_atlas,real,Supplementary Table S2,31.0,GSE74767/epiblast,Nakamura,GSE74767,macaque,Embryonic cells,Developmental,182.0,182、82、272、348,SC3-seq,2016.0,expanded_subdataset,real_atlas,,,,,,,
manuscript_100_dataset_atlas,real,Supplementary Table S2,31.0,GSE74767/trophectoderm,Nakamura,GSE74767,macaque,Embryonic cells,Developmental,82.0,182、82、272、348,SC3-seq,2016.0,expanded_subdataset,real_atlas,,,,,,,
manuscript_100_dataset_atlas,real,Supplementary Table S2,31.0,GSE74767/ICM,Nakamura,GSE74767,macaque,Embryonic cells,Developmental,272.0,182、82、272、348,SC3-seq,2016.0,expanded_subdataset,real_atlas,,,,,,,
manuscript_100_dataset_atlas,real,Supplementary Table S2,31.0,GSE74767/blastocyst,Nakamura,GSE74767,macaque,Embryonic cells,Developmental,348.0,182、82、272、348,SC3-seq,2016.0,expanded_subdataset,real_atlas,,,,,,,
manuscript_100_dataset_atlas,real,Supplementary Table S2,32.0,GSE100058/DA1_horns,Horns,GSE100058,fly,Olfactory projection neurons,Developmental,277.0,277、168、454,smart-seq2,2017.0,expanded_subdataset,real_atlas,,,,,,,
manuscript_100_dataset_atlas,real,Supplementary Table S2,32.0,GSE100058/DC3_VA1d_horns,Horns,GSE100058,fly,Olfactory projection neurons,Developmental,168.0,277、168、454,smart-seq2,2017.0,expanded_subdataset,real_atlas,,,,,,,
manuscript_100_dataset_atlas,real,Supplementary Table S2,32.0,GSE100058/horns,Horns,GSE100058,fly,Olfactory projection neurons,Developmental,454.0,277、168、454,smart-seq2,2017.0,expanded_subdataset,real_atlas,,,,,,,
manuscript_100_dataset_atlas,real,Supplementary Table S2,33.0,GSE103633/combination-1,Plass,GSE103633,planaria,whole organism level,Healthy,4288.0,4288、4341、 2270、 4003、2338、2349、10578、10653、8589、8960、1986、694、292,drop-seq,2018.0,expanded_subdataset,real_atlas,,,,,,,
manuscript_100_dataset_atlas,real,Supplementary Table S2,33.0,GSE103633/combination-2,Plass,GSE103633,planaria,whole organism level,Healthy,4341.0,4288、4341、 2270、 4003、2338、2349、10578、10653、8589、8960、1986、694、292,drop-seq,2018.0,expanded_subdataset,real_atlas,,,,,,,
manuscript_100_dataset_atlas,real,Supplementary Table S2,33.0,GSE103633/combination-3,Plass,GSE103633,planaria,whole organism level,Healthy,2270.0,4288、4341、 2270、 4003、2338、2349、10578、10653、8589、8960、1986、694、292,drop-seq,2018.0,expanded_subdataset,real_atlas,,,,,,,
manuscript_100_dataset_atlas,real,Supplementary Table S2,33.0,GSE103633/epidermis,Plass,GSE103633,planaria,whole organism level,Healthy,4003.0,4288、4341、 2270、 4003、2338、2349、10578、10653、8589、8960、1986、694、292,drop-seq,2018.0,expanded_subdataset,real_atlas,,,,,,,
manuscript_100_dataset_atlas,real,Supplementary Table S2,33.0,GSE103633/muscle,Plass,GSE103633,planaria,whole organism level,Healthy,2338.0,4288、4341、 2270、 4003、2338、2349、10578、10653、8589、8960、1986、694、292,drop-seq,2018.0,expanded_subdataset,real_atlas,,,,,,,
manuscript_100_dataset_atlas,real,Supplementary Table S2,33.0,GSE103633/neuron,Plass,GSE103633,planaria,whole organism level,Healthy,2349.0,4288、4341、 2270、 4003、2338、2349、10578、10653、8589、8960、1986、694、292,drop-seq,2018.0,expanded_subdataset,real_atlas,,,,,,,
manuscript_100_dataset_atlas,real,Supplementary Table S2,33.0,GSE103633/pair-1,Plass,GSE103633,planaria,whole organism level,Healthy,10578.0,4288、4341、 2270、 4003、2338、2349、10578、10653、8589、8960、1986、694、292,drop-seq,2018.0,expanded_subdataset,real_atlas,,,,,,,
manuscript_100_dataset_atlas,real,Supplementary Table S2,33.0,GSE103633/pair-2,Plass,GSE103633,planaria,whole organism level,Healthy,10653.0,4288、4341、 2270、 4003、2338、2349、10578、10653、8589、8960、1986、694、292,drop-seq,2018.0,expanded_subdataset,real_atlas,,,,,,,
manuscript_100_dataset_atlas,real,Supplementary Table S2,33.0,GSE103633/pair-3,Plass,GSE103633,planaria,whole organism level,Healthy,8589.0,4288、4341、 2270、 4003、2338、2349、10578、10653、8589、8960、1986、694、292,drop-seq,2018.0,expanded_subdataset,real_atlas,,,,,,,
manuscript_100_dataset_atlas,real,Supplementary Table S2,33.0,GSE103633/pair-4,Plass,GSE103633,planaria,whole organism level,Healthy,8960.0,4288、4341、 2270、 4003、2338、2349、10578、10653、8589、8960、1986、694、292,drop-seq,2018.0,expanded_subdataset,real_atlas,,,,,,,
manuscript_100_dataset_atlas,real,Supplementary Table S2,33.0,GSE103633/parenchyme,Plass,GSE103633,planaria,whole organism level,Healthy,1986.0,4288、4341、 2270、 4003、2338、2349、10578、10653、8589、8960、1986、694、292,drop-seq,2018.0,expanded_subdataset,real_atlas,,,,,,,
manuscript_100_dataset_atlas,real,Supplementary Table S2,33.0,GSE103633/phagocyte,Plass,GSE103633,planaria,whole organism level,Healthy,694.0,4288、4341、 2270、 4003、2338、2349、10578、10653、8589、8960、1986、694、292,drop-seq,2018.0,expanded_subdataset,real_atlas,,,,,,,
manuscript_100_dataset_atlas,real,Supplementary Table S2,33.0,GSE103633/pharynx,Plass,GSE103633,planaria,whole organism level,Healthy,292.0,4288、4341、 2270、 4003、2338、2349、10578、10653、8589、8960、1986、694、292,drop-seq,2018.0,expanded_subdataset,real_atlas,,,,,,,
manuscript_100_dataset_atlas,simulated,,,default_default,,,,,,2000.0,,,,,simulated_atlas,default,default,3000.0,46.7,1.0,5.0,68.0
manuscript_100_dataset_atlas,simulated,,,batch_0.2,,,,,,2000.0,,,,,simulated_atlas,batch,0.2,3000.0,46.5,2.0,5.0,68.0
manuscript_100_dataset_atlas,simulated,,,batch_0.4,,,,,,2000.0,,,,,simulated_atlas,batch,0.4,3000.0,49.0,2.0,5.0,66.0
manuscript_100_dataset_atlas,simulated,,,batch_0.6,,,,,,2000.0,,,,,simulated_atlas,batch,0.6,3000.0,52.3,2.0,5.0,63.0
manuscript_100_dataset_atlas,simulated,,,batch_0.8,,,,,,2000.0,,,,,simulated_atlas,batch,0.8,3000.0,55.9,2.0,5.0,60.0
manuscript_100_dataset_atlas,simulated,,,batch_1.0,,,,,,2000.0,,,,,simulated_atlas,batch,1.0,3000.0,60.1,2.0,5.0,57.0
manuscript_100_dataset_atlas,simulated,,,batch_2,,,,,,2000.0,,,,,simulated_atlas,batch,2,3000.0,46.6,2.0,5.0,68.0
manuscript_100_dataset_atlas,simulated,,,batch_4,,,,,,2000.0,,,,,simulated_atlas,batch,4,3000.0,46.8,4.0,5.0,68.0
manuscript_100_dataset_atlas,simulated,,,batch_6,,,,,,2000.0,,,,,simulated_atlas,batch,6,3000.0,47.0,6.0,5.0,68.0
manuscript_100_dataset_atlas,simulated,,,batch_8,,,,,,2000.0,,,,,simulated_atlas,batch,8,3000.0,46.3,8.0,5.0,68.0
manuscript_100_dataset_atlas,simulated,,,batch_10,,,,,,2000.0,,,,,simulated_atlas,batch,10,3000.0,46.6,10.0,5.0,68.0
manuscript_100_dataset_atlas,simulated,,,cell_100,,,,,,100.0,,,,,simulated_atlas,cell,100,3000.0,43.0,1.0,5.0,4.0
manuscript_100_dataset_atlas,simulated,,,cell_500,,,,,,500.0,,,,,simulated_atlas,cell,500,3000.0,45.8,1.0,5.0,18.0
manuscript_100_dataset_atlas,simulated,,,cell_1k,,,,,,1000.0,,,,,simulated_atlas,cell,1k,3000.0,47.0,1.0,5.0,34.0
manuscript_100_dataset_atlas,simulated,,,cell_5k,,,,,,5000.0,,,,,simulated_atlas,cell,5k,3000.0,47.0,1.0,5.0,169.0
manuscript_100_dataset_atlas,simulated,,,cell_1w,,,,,,10000.0,,,,,simulated_atlas,cell,1w,3000.0,46.9,1.0,5.0,337.0
manuscript_100_dataset_atlas,simulated,,,cell_2w,,,,,,20000.0,,,,,simulated_atlas,cell,2w,3000.0,46.9,1.0,5.0,674.0
manuscript_100_dataset_atlas,simulated,,,cell_3w,,,,,,30000.0,,,,,simulated_atlas,cell,3w,3000.0,47.6,1.0,5.0,1002.0
manuscript_100_dataset_atlas,simulated,,,cell_4w,,,,,,40000.0,,,,,simulated_atlas,cell,4w,3000.0,47.6,1.0,5.0,1335.0
manuscript_100_dataset_atlas,simulated,,,cell_5w,,,,,,50000.0,,,,,simulated_atlas,cell,5w,3000.0,46.1,1.0,5.0,1700.0
manuscript_100_dataset_atlas,simulated,,,celltype_7,,,,,,2000.0,,,,,simulated_atlas,celltype,7,3000.0,46.9,1.0,7.0,68.0
manuscript_100_dataset_atlas,simulated,,,celltype_9,,,,,,2000.0,,,,,simulated_atlas,celltype,9,3000.0,46.2,1.0,9.0,68.0
manuscript_100_dataset_atlas,simulated,,,celltype_11,,,,,,2000.0,,,,,simulated_atlas,celltype,11,3000.0,46.1,1.0,11.0,68.0
manuscript_100_dataset_atlas,simulated,,,celltype_13,,,,,,2000.0,,,,,simulated_atlas,celltype,13,3000.0,46.0,1.0,13.0,69.0
manuscript_100_dataset_atlas,simulated,,,celltype_15,,,,,,2000.0,,,,,simulated_atlas,celltype,15,3000.0,45.6,1.0,15.0,69.0
manuscript_100_dataset_atlas,simulated,,,de_0.2,,,,,,2000.0,,,,,simulated_atlas,de,0.2,3000.0,45.0,1.0,5.0,69.0
manuscript_100_dataset_atlas,simulated,,,de_0.4,,,,,,2000.0,,,,,simulated_atlas,de,0.4,3000.0,48.0,1.0,5.0,67.0
manuscript_100_dataset_atlas,simulated,,,de_0.6,,,,,,2000.0,,,,,simulated_atlas,de,0.6,3000.0,50.5,1.0,5.0,65.0
manuscript_100_dataset_atlas,simulated,,,de_0.8,,,,,,2000.0,,,,,simulated_atlas,de,0.8,3000.0,53.5,1.0,5.0,62.0
manuscript_100_dataset_atlas,simulated,,,de_1.0,,,,,,2000.0,,,,,simulated_atlas,de,1.0,3000.0,55.2,1.0,5.0,61.0
manuscript_100_dataset_atlas,simulated,,,de_prob_0.05,,,,,,2000.0,,,,,simulated_atlas,de_prob,0.05,3000.0,46.0,1.0,5.0,69.0
manuscript_100_dataset_atlas,simulated,,,de_prob_0.15,,,,,,2000.0,,,,,simulated_atlas,de_prob,0.15,3000.0,46.4,1.0,5.0,68.0
manuscript_100_dataset_atlas,simulated,,,de_prob_0.20,,,,,,2000.0,,,,,simulated_atlas,de_prob,0.20,3000.0,47.2,1.0,5.0,68.0
manuscript_100_dataset_atlas,simulated,,,de_prob_0.25,,,,,,2000.0,,,,,simulated_atlas,de_prob,0.25,3000.0,46.7,1.0,5.0,68.0
manuscript_100_dataset_atlas,simulated,,,de_prob_0.30,,,,,,2000.0,,,,,simulated_atlas,de_prob,0.30,3000.0,46.7,1.0,5.0,68.0
manuscript_100_dataset_atlas,simulated,,,dropout_-1,,,,,,2000.0,,,,,simulated_atlas,dropout,-1,3000.0,54.7,1.0,5.0,61.0
manuscript_100_dataset_atlas,simulated,,,dropout_0,,,,,,2000.0,,,,,simulated_atlas,dropout,0,3000.0,62.2,1.0,5.0,55.0
manuscript_100_dataset_atlas,simulated,,,dropout_1,,,,,,2000.0,,,,,simulated_atlas,dropout,1,3000.0,71.2,1.0,5.0,47.0
manuscript_100_dataset_atlas,simulated,,,dropout_2,,,,,,2000.0,,,,,simulated_atlas,dropout,2,3000.0,81.3,1.0,5.0,39.0
manuscript_100_dataset_atlas,simulated,,,dropout_3,,,,,,2000.0,,,,,simulated_atlas,dropout,3,3000.0,88.6,1.0,5.0,33.0
manuscript_100_dataset_atlas,simulated,,,gene_5k,,,,,,2000.0,,,,,simulated_atlas,gene,5k,3000.0,32.4,1.0,5.0,80.0
manuscript_100_dataset_atlas,simulated,,,gene_2w,,,,,,2000.0,,,,,simulated_atlas,gene,2w,3000.0,59.3,1.0,5.0,58.0
manuscript_100_dataset_atlas,simulated,,,gene_3w,,,,,,2000.0,,,,,simulated_atlas,gene,3w,3000.0,65.6,1.0,5.0,52.0
manuscript_100_dataset_atlas,simulated,,,gene_4w,,,,,,2000.0,,,,,simulated_atlas,gene,4w,3000.0,70.1,1.0,5.0,49.0
manuscript_100_dataset_atlas,simulated,,,gene_5w,,,,,,2000.0,,,,,simulated_atlas,gene,5w,3000.0,73.9,1.0,5.0,45.0
manuscript_100_dataset_atlas,simulated,,,out_0.1,,,,,,2000.0,,,,,simulated_atlas,out,0.1,3000.0,52.7,1.0,5.0,63.0
manuscript_100_dataset_atlas,simulated,,,out_0.2,,,,,,2000.0,,,,,simulated_atlas,out,0.2,3000.0,56.9,1.0,5.0,59.0
manuscript_100_dataset_atlas,simulated,,,out_0.3,,,,,,2000.0,,,,,simulated_atlas,out,0.3,3000.0,54.8,1.0,5.0,61.0
manuscript_100_dataset_atlas,simulated,,,out_0.4,,,,,,2000.0,,,,,simulated_atlas,out,0.4,3000.0,49.2,1.0,5.0,66.0
manuscript_100_dataset_atlas,simulated,,,out_0.5,,,,,,2000.0,,,,,simulated_atlas,out,0.5,3000.0,42.9,1.0,5.0,71.0
