availability_source,dataset_id,has_cell_metadata,has_counts_matrix,relative_path
results_real,benchmarker/Baron_mouse,True,True,scRNA-DRComparison-main\results\data\real\benchmarker\Baron_mouse
results_real,benchmarker/Darmanis,True,True,scRNA-DRComparison-main\results\data\real\benchmarker\Darmanis
results_real,benchmarker/Pancreatic,True,True,scRNA-DRComparison-main\results\data\real\benchmarker\Pancreatic
results_real,benchmarker/Silver,True,True,scRNA-DRComparison-main\results\data\real\benchmarker\Silver
results_real,benchmarker/Zhengmix4eq,True,True,scRNA-DRComparison-main\results\data\real\benchmarker\Zhengmix4eq
results_real,scDesign3/data/1.0/ACINAR,True,True,scRNA-DRComparison-main\results\data\real\scDesign3\data\1.0\ACINAR
results_real,scDesign3/data/1.0/ATAC,True,True,scRNA-DRComparison-main\results\data\real\scDesign3\data\1.0\ATAC
results_real,scDesign3/data/1.0/BATCH,True,True,scRNA-DRComparison-main\results\data\real\scDesign3\data\1.0\BATCH
results_real,scDesign3/data/1.0/CITE,True,True,scRNA-DRComparison-main\results\data\real\scDesign3\data\1.0\CITE
results_real,scDesign3/data/1.0/EMBYRO,True,True,scRNA-DRComparison-main\results\data\real\scDesign3\data\1.0\EMBYRO
results_real,scDesign3/data/1.0/IFNB,True,True,scRNA-DRComparison-main\results\data\real\scDesign3\data\1.0\IFNB
results_real,scDesign3/data/1.0/MARROW,True,True,scRNA-DRComparison-main\results\data\real\scDesign3\data\1.0\MARROW
results_real,scDesign3/data/1.0/MOBSC,True,True,scRNA-DRComparison-main\results\data\real\scDesign3\data\1.0\MOBSC
results_real,scDesign3/data/1.0/MOBSP,True,True,scRNA-DRComparison-main\results\data\real\scDesign3\data\1.0\MOBSP
results_real,scDesign3/data/1.0/OVARIAN,True,True,scRNA-DRComparison-main\results\data\real\scDesign3\data\1.0\OVARIAN
results_real,scDesign3/data/1.0/PANCREAS,True,True,scRNA-DRComparison-main\results\data\real\scDesign3\data\1.0\PANCREAS
results_real,scDesign3/data/1.0/SCGEMMETH,True,True,scRNA-DRComparison-main\results\data\real\scDesign3\data\1.0\SCGEMMETH
results_real,scDesign3/data/1.0/SCGEMRNA,True,True,scRNA-DRComparison-main\results\data\real\scDesign3\data\1.0\SCGEMRNA
results_real,scDesign3/data/1.0/SCIATAC,True,True,scRNA-DRComparison-main\results\data\real\scDesign3\data\1.0\SCIATAC
results_real,scDesign3/data/1.0/SLIDE,True,True,scRNA-DRComparison-main\results\data\real\scDesign3\data\1.0\SLIDE
results_real,scDesign3/data/1.0/VISIUM,True,True,scRNA-DRComparison-main\results\data\real\scDesign3\data\1.0\VISIUM
results_real,SIMLR/Pollen,True,True,scRNA-DRComparison-main\results\data\real\SIMLR\Pollen
results_real,SIMLR/Usoskin,True,True,scRNA-DRComparison-main\results\data\real\SIMLR\Usoskin
results_real,TI/GSE100058/DA1_horns,True,True,scRNA-DRComparison-main\results\data\real\TI\GSE100058\DA1_horns
results_real,TI/GSE100058/DC3_VA1d_horns,True,True,scRNA-DRComparison-main\results\data\real\TI\GSE100058\DC3_VA1d_horns
results_real,TI/GSE100058/horns,True,True,scRNA-DRComparison-main\results\data\real\TI\GSE100058\horns
results_real,TI/GSE103633/combination-1,True,True,scRNA-DRComparison-main\results\data\real\TI\GSE103633\combination-1
results_real,TI/GSE103633/combination-2,True,True,scRNA-DRComparison-main\results\data\real\TI\GSE103633\combination-2
results_real,TI/GSE103633/combination-3,True,True,scRNA-DRComparison-main\results\data\real\TI\GSE103633\combination-3
results_real,TI/GSE103633/epidermis,True,True,scRNA-DRComparison-main\results\data\real\TI\GSE103633\epidermis
results_real,TI/GSE103633/muscle,True,True,scRNA-DRComparison-main\results\data\real\TI\GSE103633\muscle
results_real,TI/GSE103633/neuron,True,True,scRNA-DRComparison-main\results\data\real\TI\GSE103633\neuron
results_real,TI/GSE103633/pair-1,True,True,scRNA-DRComparison-main\results\data\real\TI\GSE103633\pair-1
results_real,TI/GSE103633/pair-2,True,True,scRNA-DRComparison-main\results\data\real\TI\GSE103633\pair-2
results_real,TI/GSE103633/pair-3,True,True,scRNA-DRComparison-main\results\data\real\TI\GSE103633\pair-3
results_real,TI/GSE103633/pair-4,True,True,scRNA-DRComparison-main\results\data\real\TI\GSE103633\pair-4
results_real,TI/GSE103633/parenchyme,True,True,scRNA-DRComparison-main\results\data\real\TI\GSE103633\parenchyme
results_real,TI/GSE103633/phagocyte,True,True,scRNA-DRComparison-main\results\data\real\TI\GSE103633\phagocyte
results_real,TI/GSE103633/pharynx,True,True,scRNA-DRComparison-main\results\data\real\TI\GSE103633\pharynx
results_real,TI/GSE74767/blastocyst,True,True,scRNA-DRComparison-main\results\data\real\TI\GSE74767\blastocyst
results_real,TI/GSE74767/epiblast,True,True,scRNA-DRComparison-main\results\data\real\TI\GSE74767\epiblast
results_real,TI/GSE74767/ICM,True,True,scRNA-DRComparison-main\results\data\real\TI\GSE74767\ICM
results_real,TI/GSE74767/trophectoderm,True,True,scRNA-DRComparison-main\results\data\real\TI\GSE74767\trophectoderm
results_real,VASC/Baron,True,True,scRNA-DRComparison-main\results\data\real\VASC\Baron
results_real,VASC/Biase,True,True,scRNA-DRComparison-main\results\data\real\VASC\Biase
results_real,VASC/Goolam,True,True,scRNA-DRComparison-main\results\data\real\VASC\Goolam
results_real,VASC/Xin,True,True,scRNA-DRComparison-main\results\data\real\VASC\Xin
results_real,VASC/yan,True,True,scRNA-DRComparison-main\results\data\real\VASC\yan
results_real,VASC/Zeisel,True,True,scRNA-DRComparison-main\results\data\real\VASC\Zeisel
datasets_real,benchmarker/Baron_mouse,True,True,scRNA-DRComparison-main\datasets\real\benchmarker\Baron_mouse
datasets_real,benchmarker/Darmanis,True,True,scRNA-DRComparison-main\datasets\real\benchmarker\Darmanis
datasets_real,benchmarker/Pancreatic,True,True,scRNA-DRComparison-main\datasets\real\benchmarker\Pancreatic
datasets_real,benchmarker/Silver,True,True,scRNA-DRComparison-main\datasets\real\benchmarker\Silver
datasets_real,benchmarker/Zhengmix4eq,True,True,scRNA-DRComparison-main\datasets\real\benchmarker\Zhengmix4eq
datasets_real,scDesign3/data/1.0/ACINAR,True,True,scRNA-DRComparison-main\datasets\real\scDesign3\data\1.0\ACINAR
datasets_real,scDesign3/data/1.0/ATAC,True,True,scRNA-DRComparison-main\datasets\real\scDesign3\data\1.0\ATAC
datasets_real,scDesign3/data/1.0/BATCH,True,True,scRNA-DRComparison-main\datasets\real\scDesign3\data\1.0\BATCH
datasets_real,scDesign3/data/1.0/CITE,True,True,scRNA-DRComparison-main\datasets\real\scDesign3\data\1.0\CITE
datasets_real,scDesign3/data/1.0/EMBYRO,True,True,scRNA-DRComparison-main\datasets\real\scDesign3\data\1.0\EMBYRO
datasets_real,scDesign3/data/1.0/IFNB,True,True,scRNA-DRComparison-main\datasets\real\scDesign3\data\1.0\IFNB
datasets_real,scDesign3/data/1.0/MARROW,True,True,scRNA-DRComparison-main\datasets\real\scDesign3\data\1.0\MARROW
datasets_real,scDesign3/data/1.0/MOBSC,True,True,scRNA-DRComparison-main\datasets\real\scDesign3\data\1.0\MOBSC
datasets_real,scDesign3/data/1.0/OVARIAN,True,True,scRNA-DRComparison-main\datasets\real\scDesign3\data\1.0\OVARIAN
datasets_real,scDesign3/data/1.0/PANCREAS,True,True,scRNA-DRComparison-main\datasets\real\scDesign3\data\1.0\PANCREAS
datasets_real,scDesign3/data/1.0/SCGEMMETH,True,True,scRNA-DRComparison-main\datasets\real\scDesign3\data\1.0\SCGEMMETH
datasets_real,scDesign3/data/1.0/SCGEMRNA,True,True,scRNA-DRComparison-main\datasets\real\scDesign3\data\1.0\SCGEMRNA
datasets_real,scDesign3/data/1.0/SCIATAC,True,True,scRNA-DRComparison-main\datasets\real\scDesign3\data\1.0\SCIATAC
datasets_real,scDesign3/data/1.0/SLIDE,True,True,scRNA-DRComparison-main\datasets\real\scDesign3\data\1.0\SLIDE
datasets_real,scDesign3/data/1.0/VISIUM,True,True,scRNA-DRComparison-main\datasets\real\scDesign3\data\1.0\VISIUM
datasets_real,SIMLR/Pollen,True,True,scRNA-DRComparison-main\datasets\real\SIMLR\Pollen
datasets_real,SIMLR/Usoskin,True,True,scRNA-DRComparison-main\datasets\real\SIMLR\Usoskin
datasets_real,TI/GSE100058/DA1_horns,True,True,scRNA-DRComparison-main\datasets\real\TI\GSE100058\DA1_horns
datasets_real,TI/GSE100058/DC3_VA1d_horns,True,True,scRNA-DRComparison-main\datasets\real\TI\GSE100058\DC3_VA1d_horns
datasets_real,TI/GSE100058/horns,True,True,scRNA-DRComparison-main\datasets\real\TI\GSE100058\horns
datasets_real,TI/GSE103633/combination-1,True,True,scRNA-DRComparison-main\datasets\real\TI\GSE103633\combination-1
datasets_real,TI/GSE103633/combination-2,True,True,scRNA-DRComparison-main\datasets\real\TI\GSE103633\combination-2
datasets_real,TI/GSE103633/combination-3,True,True,scRNA-DRComparison-main\datasets\real\TI\GSE103633\combination-3
datasets_real,TI/GSE103633/epidermis,True,True,scRNA-DRComparison-main\datasets\real\TI\GSE103633\epidermis
datasets_real,TI/GSE103633/muscle,True,True,scRNA-DRComparison-main\datasets\real\TI\GSE103633\muscle
datasets_real,TI/GSE103633/neuron,True,True,scRNA-DRComparison-main\datasets\real\TI\GSE103633\neuron
datasets_real,TI/GSE103633/pair-1,True,True,scRNA-DRComparison-main\datasets\real\TI\GSE103633\pair-1
datasets_real,TI/GSE103633/pair-2,True,True,scRNA-DRComparison-main\datasets\real\TI\GSE103633\pair-2
datasets_real,TI/GSE103633/pair-3,True,True,scRNA-DRComparison-main\datasets\real\TI\GSE103633\pair-3
datasets_real,TI/GSE103633/pair-4,True,True,scRNA-DRComparison-main\datasets\real\TI\GSE103633\pair-4
datasets_real,TI/GSE103633/parenchyme,True,True,scRNA-DRComparison-main\datasets\real\TI\GSE103633\parenchyme
datasets_real,TI/GSE103633/phagocyte,True,True,scRNA-DRComparison-main\datasets\real\TI\GSE103633\phagocyte
datasets_real,TI/GSE103633/pharynx,True,True,scRNA-DRComparison-main\datasets\real\TI\GSE103633\pharynx
datasets_real,TI/GSE74767/blastocyst,True,True,scRNA-DRComparison-main\datasets\real\TI\GSE74767\blastocyst
datasets_real,TI/GSE74767/epiblast,True,True,scRNA-DRComparison-main\datasets\real\TI\GSE74767\epiblast
datasets_real,TI/GSE74767/ICM,True,True,scRNA-DRComparison-main\datasets\real\TI\GSE74767\ICM
datasets_real,TI/GSE74767/trophectoderm,True,True,scRNA-DRComparison-main\datasets\real\TI\GSE74767\trophectoderm
datasets_real,VASC/Baron,True,True,scRNA-DRComparison-main\datasets\real\VASC\Baron
datasets_real,VASC/Biase,True,True,scRNA-DRComparison-main\datasets\real\VASC\Biase
datasets_real,VASC/Goolam,True,True,scRNA-DRComparison-main\datasets\real\VASC\Goolam
datasets_real,VASC/Xin,True,True,scRNA-DRComparison-main\datasets\real\VASC\Xin
datasets_real,VASC/yan,True,True,scRNA-DRComparison-main\datasets\real\VASC\yan
datasets_real,VASC/Zeisel,True,True,scRNA-DRComparison-main\datasets\real\VASC\Zeisel
results_simulated,batch_0.2,True,True,scRNA-DRComparison-main\results\data\simulate\batch_0.2
results_simulated,batch_0.4,True,True,scRNA-DRComparison-main\results\data\simulate\batch_0.4
results_simulated,batch_0.6,True,True,scRNA-DRComparison-main\results\data\simulate\batch_0.6
results_simulated,batch_0.8,True,True,scRNA-DRComparison-main\results\data\simulate\batch_0.8
results_simulated,batch_1.0,True,True,scRNA-DRComparison-main\results\data\simulate\batch_1.0
results_simulated,batch_10,True,True,scRNA-DRComparison-main\results\data\simulate\batch_10
results_simulated,batch_2,True,True,scRNA-DRComparison-main\results\data\simulate\batch_2
results_simulated,batch_4,True,True,scRNA-DRComparison-main\results\data\simulate\batch_4
results_simulated,batch_6,True,True,scRNA-DRComparison-main\results\data\simulate\batch_6
results_simulated,batch_8,True,True,scRNA-DRComparison-main\results\data\simulate\batch_8
results_simulated,cell_100,True,True,scRNA-DRComparison-main\results\data\simulate\cell_100
results_simulated,cell_1k,True,True,scRNA-DRComparison-main\results\data\simulate\cell_1k
results_simulated,cell_1w,True,True,scRNA-DRComparison-main\results\data\simulate\cell_1w
results_simulated,cell_2w,True,True,scRNA-DRComparison-main\results\data\simulate\cell_2w
results_simulated,cell_3w,True,True,scRNA-DRComparison-main\results\data\simulate\cell_3w
results_simulated,cell_4w,True,True,scRNA-DRComparison-main\results\data\simulate\cell_4w
results_simulated,cell_500,True,True,scRNA-DRComparison-main\results\data\simulate\cell_500
results_simulated,cell_5k,True,True,scRNA-DRComparison-main\results\data\simulate\cell_5k
results_simulated,cell_5w,True,True,scRNA-DRComparison-main\results\data\simulate\cell_5w
results_simulated,celltype_11,True,True,scRNA-DRComparison-main\results\data\simulate\celltype_11
results_simulated,celltype_13,True,True,scRNA-DRComparison-main\results\data\simulate\celltype_13
results_simulated,celltype_15,True,True,scRNA-DRComparison-main\results\data\simulate\celltype_15
results_simulated,celltype_7,True,True,scRNA-DRComparison-main\results\data\simulate\celltype_7
results_simulated,celltype_9,True,True,scRNA-DRComparison-main\results\data\simulate\celltype_9
results_simulated,de_0.2,True,True,scRNA-DRComparison-main\results\data\simulate\de_0.2
results_simulated,de_0.4,True,True,scRNA-DRComparison-main\results\data\simulate\de_0.4
results_simulated,de_0.6,True,True,scRNA-DRComparison-main\results\data\simulate\de_0.6
results_simulated,de_0.8,True,True,scRNA-DRComparison-main\results\data\simulate\de_0.8
results_simulated,de_1.0,True,True,scRNA-DRComparison-main\results\data\simulate\de_1.0
results_simulated,de_prob_0.05,True,True,scRNA-DRComparison-main\results\data\simulate\de_prob_0.05
results_simulated,de_prob_0.15,True,True,scRNA-DRComparison-main\results\data\simulate\de_prob_0.15
results_simulated,de_prob_0.2,True,True,scRNA-DRComparison-main\results\data\simulate\de_prob_0.2
results_simulated,de_prob_0.25,True,True,scRNA-DRComparison-main\results\data\simulate\de_prob_0.25
results_simulated,de_prob_0.3,True,True,scRNA-DRComparison-main\results\data\simulate\de_prob_0.3
results_simulated,default,True,True,scRNA-DRComparison-main\results\data\simulate\default
results_simulated,dropout_-1,True,True,scRNA-DRComparison-main\results\data\simulate\dropout_-1
results_simulated,dropout_0,True,True,scRNA-DRComparison-main\results\data\simulate\dropout_0
results_simulated,dropout_1,True,True,scRNA-DRComparison-main\results\data\simulate\dropout_1
results_simulated,dropout_2,True,True,scRNA-DRComparison-main\results\data\simulate\dropout_2
results_simulated,dropout_3,True,True,scRNA-DRComparison-main\results\data\simulate\dropout_3
results_simulated,gene_2w,True,True,scRNA-DRComparison-main\results\data\simulate\gene_2w
results_simulated,gene_3w,True,True,scRNA-DRComparison-main\results\data\simulate\gene_3w
results_simulated,gene_4w,True,True,scRNA-DRComparison-main\results\data\simulate\gene_4w
results_simulated,gene_5k,True,True,scRNA-DRComparison-main\results\data\simulate\gene_5k
results_simulated,gene_5w,True,True,scRNA-DRComparison-main\results\data\simulate\gene_5w
results_simulated,out_0.1,True,True,scRNA-DRComparison-main\results\data\simulate\out_0.1
results_simulated,out_0.2,True,True,scRNA-DRComparison-main\results\data\simulate\out_0.2
results_simulated,out_0.3,True,True,scRNA-DRComparison-main\results\data\simulate\out_0.3
results_simulated,out_0.4,True,True,scRNA-DRComparison-main\results\data\simulate\out_0.4
results_simulated,out_0.5,True,True,scRNA-DRComparison-main\results\data\simulate\out_0.5
datasets_simulated,batch_0.2,True,True,scRNA-DRComparison-main\datasets\simulate\batch_0.2
datasets_simulated,batch_0.4,True,True,scRNA-DRComparison-main\datasets\simulate\batch_0.4
datasets_simulated,batch_0.6,True,True,scRNA-DRComparison-main\datasets\simulate\batch_0.6
datasets_simulated,batch_0.8,True,True,scRNA-DRComparison-main\datasets\simulate\batch_0.8
datasets_simulated,batch_1.0,True,True,scRNA-DRComparison-main\datasets\simulate\batch_1.0
datasets_simulated,batch_10,True,True,scRNA-DRComparison-main\datasets\simulate\batch_10
datasets_simulated,batch_2,True,True,scRNA-DRComparison-main\datasets\simulate\batch_2
datasets_simulated,batch_4,True,True,scRNA-DRComparison-main\datasets\simulate\batch_4
datasets_simulated,batch_6,True,True,scRNA-DRComparison-main\datasets\simulate\batch_6
datasets_simulated,batch_8,True,True,scRNA-DRComparison-main\datasets\simulate\batch_8
datasets_simulated,cell_100,True,True,scRNA-DRComparison-main\datasets\simulate\cell_100
datasets_simulated,cell_1k,True,True,scRNA-DRComparison-main\datasets\simulate\cell_1k
datasets_simulated,cell_1w,True,True,scRNA-DRComparison-main\datasets\simulate\cell_1w
datasets_simulated,cell_2w,True,True,scRNA-DRComparison-main\datasets\simulate\cell_2w
datasets_simulated,cell_3w,True,True,scRNA-DRComparison-main\datasets\simulate\cell_3w
datasets_simulated,cell_4w,True,True,scRNA-DRComparison-main\datasets\simulate\cell_4w
datasets_simulated,cell_500,True,True,scRNA-DRComparison-main\datasets\simulate\cell_500
datasets_simulated,cell_5k,True,True,scRNA-DRComparison-main\datasets\simulate\cell_5k
datasets_simulated,cell_5w,True,True,scRNA-DRComparison-main\datasets\simulate\cell_5w
datasets_simulated,celltype_11,True,True,scRNA-DRComparison-main\datasets\simulate\celltype_11
datasets_simulated,celltype_13,True,True,scRNA-DRComparison-main\datasets\simulate\celltype_13
datasets_simulated,celltype_15,True,True,scRNA-DRComparison-main\datasets\simulate\celltype_15
datasets_simulated,celltype_7,True,True,scRNA-DRComparison-main\datasets\simulate\celltype_7
datasets_simulated,celltype_9,True,True,scRNA-DRComparison-main\datasets\simulate\celltype_9
datasets_simulated,de_0.2,True,True,scRNA-DRComparison-main\datasets\simulate\de_0.2
datasets_simulated,de_0.4,True,True,scRNA-DRComparison-main\datasets\simulate\de_0.4
datasets_simulated,de_0.6,True,True,scRNA-DRComparison-main\datasets\simulate\de_0.6
datasets_simulated,de_0.8,True,True,scRNA-DRComparison-main\datasets\simulate\de_0.8
datasets_simulated,de_1.0,True,True,scRNA-DRComparison-main\datasets\simulate\de_1.0
datasets_simulated,de_prob_0.05,True,True,scRNA-DRComparison-main\datasets\simulate\de_prob_0.05
datasets_simulated,de_prob_0.15,True,True,scRNA-DRComparison-main\datasets\simulate\de_prob_0.15
datasets_simulated,de_prob_0.2,True,True,scRNA-DRComparison-main\datasets\simulate\de_prob_0.2
datasets_simulated,de_prob_0.25,True,True,scRNA-DRComparison-main\datasets\simulate\de_prob_0.25
datasets_simulated,de_prob_0.3,True,True,scRNA-DRComparison-main\datasets\simulate\de_prob_0.3
datasets_simulated,default,True,True,scRNA-DRComparison-main\datasets\simulate\default
datasets_simulated,dropout_-1,True,True,scRNA-DRComparison-main\datasets\simulate\dropout_-1
datasets_simulated,dropout_0,True,True,scRNA-DRComparison-main\datasets\simulate\dropout_0
datasets_simulated,dropout_1,True,True,scRNA-DRComparison-main\datasets\simulate\dropout_1
datasets_simulated,dropout_2,True,True,scRNA-DRComparison-main\datasets\simulate\dropout_2
datasets_simulated,dropout_3,True,True,scRNA-DRComparison-main\datasets\simulate\dropout_3
datasets_simulated,gene_2w,True,True,scRNA-DRComparison-main\datasets\simulate\gene_2w
datasets_simulated,gene_3w,True,True,scRNA-DRComparison-main\datasets\simulate\gene_3w
datasets_simulated,gene_4w,True,True,scRNA-DRComparison-main\datasets\simulate\gene_4w
datasets_simulated,gene_5k,True,True,scRNA-DRComparison-main\datasets\simulate\gene_5k
datasets_simulated,gene_5w,True,True,scRNA-DRComparison-main\datasets\simulate\gene_5w
datasets_simulated,out_0.1,True,True,scRNA-DRComparison-main\datasets\simulate\out_0.1
datasets_simulated,out_0.2,True,True,scRNA-DRComparison-main\datasets\simulate\out_0.2
datasets_simulated,out_0.3,True,True,scRNA-DRComparison-main\datasets\simulate\out_0.3
datasets_simulated,out_0.4,True,True,scRNA-DRComparison-main\datasets\simulate\out_0.4
datasets_simulated,out_0.5,True,True,scRNA-DRComparison-main\datasets\simulate\out_0.5
