method_raw,published_axis_score,method_id,recomputed_axis_score,perturbation_axis,abs_diff
DRA,0.1228004943800916,DRA,0.23849473684210526,batch_number,0.11569424246201367
DREAM,0.2346611056350288,DREAM,0.32042105263157894,batch_number,0.08575994699655015
EDGE,0.6047432946958767,EDGE,0.5870315789473685,batch_number,0.017711715748508272
GLMPCA,0.5822375728962703,GLMPCA,0.5859263157894736,batch_number,0.0036887428932033117
ivis,0.4147993450872369,IVIS,0.46692631578947374,batch_number,0.05212697070223682
PCA,0.6230615936038728,PCA,0.6194947368421053,batch_number,0.0035668567617674896
PHATE,0.7509444010430857,PHATE,0.6852421052631579,batch_number,0.06570229577992781
PaCMAP,0.1612423976576456,PaCMAP,0.25704210526315785,batch_number,0.09579970760551226
ParametricUMAP200,0.7318519296756356,Parametric UMAP 200,0.6668105263157895,batch_number,0.0650414033598461
ParametricUMAP50,0.7226460330751955,Parametric UMAP 50,0.6678736842105263,batch_number,0.054772348864669196
SAUCIE,0.0967731072780321,SAUCIE,0.23483157894736842,batch_number,0.13805847166933632
SCDRHA,0.5684412422141812,SCDRHA,0.5250842105263158,batch_number,0.04335703168786542
SIMLR,0.734441897406966,SIMLR,0.6684842105263158,batch_number,0.06595768688065018
SPDR,0.828186730149157,SPDR,0.6738947368421052,batch_number,0.1542919933070518
SQuaD_MDS,0.4389382649974664,SQuaD-MDS,0.4757473684210526,batch_number,0.036809103423586176
SQuaD_MDS_hybrid,0.6307819992621655,SQuaD-MDS hybrid,0.5754526315789474,batch_number,0.055329367683218056
SSNMDI,0.1238912957608975,SSNMDI,0.22877894736842103,batch_number,0.10488765160752353
TriMap,0.831850874082982,TriMap,0.6863578947368422,batch_number,0.1454929793461398
UMAP,0.7114589363686984,UMAP,0.6442947368421053,batch_number,0.06716419952659314
VAE,0.6998787746973938,VAE,0.5544842105263157,batch_number,0.1453945641710781
,,VASC,0.2637066666666667,batch_number,
ZIFA,0.6164117674080922,ZIFA,0.6165684210526315,batch_number,0.0001566536445393174
pCMF,0.0841578713968135,pCMF,0.20034736842105266,batch_number,0.11618949702423917
scGAE,0.1861098846400222,scGAE,0.28546315789473686,batch_number,0.09935327325471466
scGBM,0.5977214925743723,scGBM,0.606536842105263,batch_number,0.008815349530890693
scScope,0.1211816426341798,scScope,0.23177894736842103,batch_number,0.11059730473424123
scvis,0.1518117335397595,scvis,0.28328421052631575,batch_number,0.13147247698655626
TSNE,0.8127512213431818,t-SNE,0.6377473684210526,batch_number,0.17500385292212917
tGPLVM,0.6324226350305697,tGPLVM,0.637263157894737,batch_number,0.0048405228641672515
DRA,0.0821565199607506,DRA,0.2309578947368421,batch_strength,0.1488013747760915
DREAM,0.3518784368393156,DREAM,0.41465263157894744,batch_strength,0.06277419473963186
EDGE,0.6340310914466445,EDGE,0.550021052631579,batch_strength,0.08401003881506552
GLMPCA,0.4371419213369575,GLMPCA,0.4659684210526316,batch_strength,0.02882649971567408
ivis,0.4213747112021974,IVIS,0.45772631578947365,batch_strength,0.036351604587276265
PCA,0.6483941740179835,PCA,0.5787052631578948,batch_strength,0.06968891086008866
PHATE,0.7758320285952033,PHATE,0.6374421052631579,batch_strength,0.13838992333204536
PaCMAP,0.2073143894984769,PaCMAP,0.30566315789473686,batch_strength,0.09834876839625997
ParametricUMAP200,0.7823971672712663,Parametric UMAP 200,0.6316421052631579,batch_strength,0.1507550620081084
ParametricUMAP50,0.7796487722495822,Parametric UMAP 50,0.6325368421052631,batch_strength,0.14711193014431911
SAUCIE,0.2534541835016986,SAUCIE,0.33547368421052626,batch_strength,0.08201950070882763
SCDRHA,0.5808443621510366,SCDRHA,0.5257263157894736,batch_strength,0.05511804636156303
SIMLR,0.8334878435537535,SIMLR,0.6401263157894738,batch_strength,0.19336152776427973
SPDR,0.8264667231283578,SPDR,0.6193578947368421,batch_strength,0.20710882839151568
SQuaD_MDS,0.458813918004395,SQuaD-MDS,0.4554842105263158,batch_strength,0.0033297074780792024
SQuaD_MDS_hybrid,0.7068702956246898,SQuaD-MDS hybrid,0.5613263157894737,batch_strength,0.14554397983521616
SSNMDI,0.1985116978210893,SSNMDI,0.28364210526315786,batch_strength,0.08513040744206857
TriMap,0.8094769321154288,TriMap,0.6274736842105263,batch_strength,0.18200324790490252
UMAP,0.7606701177924915,UMAP,0.6126315789473684,batch_strength,0.14803853884512308
VAE,0.7382082870927953,VAE,0.5732,batch_strength,0.16500828709279525
,,VASC,0.36646666666666666,batch_strength,
ZIFA,0.6223631470037259,ZIFA,0.5387263157894737,batch_strength,0.08363683121425214
pCMF,0.2964166369268523,pCMF,0.3787263157894737,batch_strength,0.08230967886262142
scGAE,0.2912802778722371,scGAE,0.3559894736842105,batch_strength,0.06470919581197343
scGBM,0.629440459246491,scGBM,0.5648736842105263,batch_strength,0.06456677503596464
scScope,0.3312594971256926,scScope,0.3926315789473684,batch_strength,0.061372081821675806
scvis,0.518506847587674,scvis,0.4983894736842106,batch_strength,0.020117373903463354
TSNE,0.7848551977001316,t-SNE,0.6042421052631579,batch_strength,0.18061309243697365
tGPLVM,0.4485986140413407,tGPLVM,0.4699894736842105,batch_strength,0.021390859642869797
DRA,0.1535383598699765,DRA,0.2340375939849624,cell_number,0.08049923411498591
DREAM,0.3664763951258211,DREAM,0.41180902255639096,cell_number,0.04533262743056987
EDGE,0.5464203446354687,EDGE,0.5840651629072681,cell_number,0.03764481827179933
GLMPCA,0.5604109288696338,GLMPCA,0.5816175438596491,cell_number,0.021206614990015304
ivis,0.4502708049824035,IVIS,0.5070756892230577,cell_number,0.05680488424065416
PCA,0.6038211197703784,PCA,0.6395739348370927,cell_number,0.03575281506671424
PHATE,0.6312243922472263,PHATE,0.6674972431077695,cell_number,0.036272850860543215
PaCMAP,0.1795242350833878,PaCMAP,0.26543809523809525,cell_number,0.08591386015470745
ParametricUMAP200,0.6181363627113978,Parametric UMAP 200,0.6569784461152882,cell_number,0.03884208340389039
ParametricUMAP50,0.6162672987838309,Parametric UMAP 50,0.6552771929824562,cell_number,0.03900989419862533
SAUCIE,0.1439438252657219,SAUCIE,0.23974586466165412,cell_number,0.09580203939593224
SCDRHA,0.4028404218904555,SCDRHA,0.42902631578947364,cell_number,0.026185893899018153
SIMLR,0.6367869190209426,SIMLR,0.6451447368421053,cell_number,0.008357817821162628
SPDR,0.6460355725123851,SPDR,0.6540892230576442,cell_number,0.008053650545259083
SQuaD_MDS,0.4490900524738895,SQuaD-MDS,0.47205563909774434,cell_number,0.02296558662385484
SQuaD_MDS_hybrid,0.5723336199439802,SQuaD-MDS hybrid,0.5910155388471178,cell_number,0.01868191890313753
SSNMDI,0.1525368911175403,SSNMDI,0.22762907268170426,cell_number,0.07509218156416397
TriMap,0.6716729903583395,TriMap,0.6802501253132832,cell_number,0.008577134954943721
UMAP,0.5956482605983382,UMAP,0.6329493734335839,cell_number,0.03730111283524573
VAE,0.5558215913720532,VAE,0.5911709273182958,cell_number,0.035349335946242566
,,VASC,0.2527904761904762,cell_number,
ZIFA,0.5968468533563878,ZIFA,0.6324962406015038,cell_number,0.035649387245116015
pCMF,0.1411782380973407,pCMF,0.20378947368421052,cell_number,0.06261123558686982
scGAE,0.1974263772119363,scGAE,0.25667619047619045,cell_number,0.05924981326425416
scGBM,0.5769744201453216,scGBM,0.6054441102756892,cell_number,0.028469690130367598
scScope,0.3961535432226534,scScope,0.44720802005012533,cell_number,0.05105447682747194
scvis,0.1850854847117535,scvis,0.2783047619047619,cell_number,0.09321927719300838
TSNE,0.6450669752590636,t-SNE,0.662501253132832,cell_number,0.01743427787376839
tGPLVM,0.530008274882307,tGPLVM,0.5827629072681705,cell_number,0.05275463238586353
DRA,0.1897027789285673,DRA,0.21082105263157894,celltype_number,0.021118273703011642
DREAM,0.1828705394258632,DREAM,0.2029684210526316,celltype_number,0.0200978816267684
EDGE,0.4338243337702144,EDGE,0.3651263157894737,celltype_number,0.06869801798074071
GLMPCA,0.5026220326492223,GLMPCA,0.4315473684210526,celltype_number,0.07107466422816971
ivis,0.2251230066970115,IVIS,0.23986315789473686,celltype_number,0.01474015119772537
PCA,0.5218423417834868,PCA,0.4451052631578947,celltype_number,0.07673707862559204
PHATE,0.7789163288038138,PHATE,0.6297157894736843,celltype_number,0.14920053933012944
PaCMAP,0.1975444165601582,PaCMAP,0.2305052631578947,celltype_number,0.032960846597736515
ParametricUMAP200,0.7238414612986173,Parametric UMAP 200,0.5581052631578948,celltype_number,0.1657361981407225
ParametricUMAP50,0.7037051022095839,Parametric UMAP 50,0.5481789473684211,celltype_number,0.15552615484116283
SAUCIE,0.1311059636806396,SAUCIE,0.18322105263157892,celltype_number,0.05211508895093933
SCDRHA,0.5249158704032002,SCDRHA,0.4208631578947369,celltype_number,0.10405271250846332
SIMLR,0.791543270573378,SIMLR,0.6083157894736841,celltype_number,0.1832274810996939
SPDR,0.8453809551740825,SPDR,0.6329894736842105,celltype_number,0.21239148148987197
SQuaD_MDS,0.4278702038080252,SQuaD-MDS,0.3924315789473684,celltype_number,0.0354386248606568
SQuaD_MDS_hybrid,0.5740789307780407,SQuaD-MDS hybrid,0.4269578947368421,celltype_number,0.14712103604119864
SSNMDI,0.1804233749632076,SSNMDI,0.20751578947368418,celltype_number,0.027092414510476587
TriMap,0.8600449010109694,TriMap,0.6603894736842106,celltype_number,0.19965542732675878
UMAP,0.6764701106838252,UMAP,0.5146736842105264,celltype_number,0.16179642647329884
VAE,0.7965530058421662,VAE,0.6010736842105263,celltype_number,0.19547932163163984
,,VASC,0.20869333333333334,celltype_number,
ZIFA,0.4636743020996,ZIFA,0.4051684210526316,celltype_number,0.058505881046968355
pCMF,0.1593842630473728,pCMF,0.17653684210526313,celltype_number,0.017152579057890333
scGAE,0.1539534034706363,scGAE,0.19001052631578946,celltype_number,0.03605712284515317
scGBM,0.4844445283960202,scGBM,0.4201578947368422,celltype_number,0.06428663365917803
scScope,0.1863982237123593,scScope,0.21256842105263157,celltype_number,0.02617019734027226
scvis,0.183199617653187,scvis,0.23901345029239765,celltype_number,0.05581383263921064
TSNE,0.8419310280858696,t-SNE,0.6341894736842105,celltype_number,0.2077415544016591
tGPLVM,0.1870430349676848,tGPLVM,0.21332631578947367,celltype_number,0.02628328082178888
DRA,0.1341300050401535,DRA,0.25117894736842106,de_prob,0.11704894232826757
DREAM,0.4931920378563125,DREAM,0.5039052631578947,de_prob,0.010713225301582252
EDGE,0.6957527926043161,EDGE,0.6526315789473685,de_prob,0.043121213656947655
GLMPCA,0.7033934583945955,GLMPCA,0.6669263157894736,de_prob,0.03646714260512196
ivis,0.6314717928546049,IVIS,0.62,de_prob,0.011471792854604868
PCA,0.7185274215841633,PCA,0.680178947368421,de_prob,0.03834847421574228
PHATE,0.7602835786759344,PHATE,0.7259789473684212,de_prob,0.03430463130751327
PaCMAP,0.1442852232794601,PaCMAP,0.2627578947368421,de_prob,0.11847267145738197
ParametricUMAP200,0.759441608993485,Parametric UMAP 200,0.6945157894736842,de_prob,0.06492581951980081
ParametricUMAP50,0.7633340815143081,Parametric UMAP 50,0.701978947368421,de_prob,0.061355134145887114
SAUCIE,0.1208845555915354,SAUCIE,0.23976842105263158,de_prob,0.11888386546109618
SCDRHA,0.6195030601711375,SCDRHA,0.564557894736842,de_prob,0.054945165434295506
SIMLR,0.783084122225534,SIMLR,0.6643157894736842,de_prob,0.11876833275184984
SPDR,0.7952325699240155,SPDR,0.6966,de_prob,0.09863256992401548
SQuaD_MDS,0.493623263212784,SQuaD-MDS,0.5102736842105263,de_prob,0.016650420997742332
SQuaD_MDS_hybrid,0.7128200373851867,SQuaD-MDS hybrid,0.6269789473684211,de_prob,0.08584109001676565
SSNMDI,0.113809239271635,SSNMDI,0.22510526315789475,de_prob,0.11129602388625975
TriMap,0.8126512024667181,TriMap,0.7289157894736842,de_prob,0.08373541299303389
UMAP,0.6916536163875884,UMAP,0.6295263157894737,de_prob,0.062127300598114665
VAE,0.7556558274408287,VAE,0.6741578947368422,de_prob,0.08149793270398653
,,VASC,0.23060000000000005,de_prob,
ZIFA,0.7139013804454073,ZIFA,0.6794421052631578,de_prob,0.03445927518224945
pCMF,0.1021008740156151,pCMF,0.20708421052631582,de_prob,0.10498333651070071
scGAE,0.4748586128830068,scGAE,0.449778947368421,de_prob,0.02507966551458579
scGBM,0.6794514760435607,scGBM,0.6523578947368421,de_prob,0.027093581306718573
scScope,0.3193103534510967,scScope,0.3780947368421053,de_prob,0.05878438339100861
scvis,0.137045855559145,scvis,0.25192631578947366,de_prob,0.11488046023032866
TSNE,0.7771813927839413,t-SNE,0.6828526315789474,de_prob,0.0943287612049939
tGPLVM,0.6707848152216693,tGPLVM,0.6357684210526315,de_prob,0.03501639416903779
DRA,0.1107934418902619,DRA,0.23994736842105263,de_strength,0.12915392653079072
DREAM,0.6141548804024761,DREAM,0.6130210526315789,de_strength,0.001133827770897211
EDGE,0.6779461762148894,EDGE,0.6490526315789473,de_strength,0.02889354463594207
GLMPCA,0.7173683363585628,GLMPCA,0.705978947368421,de_strength,0.011389388990141747
ivis,0.6866645784564177,IVIS,0.6663894736842105,de_strength,0.020275104772207175
PCA,0.749515427393428,PCA,0.7280210526315789,de_strength,0.021494374761849122
PHATE,0.7749988779566965,PHATE,0.7631894736842105,de_strength,0.011809404272486002
PaCMAP,0.1319666910349156,PaCMAP,0.26781052631578944,de_strength,0.13584383528087385
ParametricUMAP200,0.7555478074958912,Parametric UMAP 200,0.7107157894736842,de_strength,0.04483201802220704
ParametricUMAP50,0.7469879941883032,Parametric UMAP 50,0.7102526315789474,de_strength,0.03673536260935584
SAUCIE,0.1317229251947831,SAUCIE,0.25179999999999997,de_strength,0.12007707480521687
SCDRHA,0.6717888944927923,SCDRHA,0.6504105263157896,de_strength,0.021378368177002782
SIMLR,0.7839826480835557,SIMLR,0.684621052631579,de_strength,0.09936159545197665
SPDR,0.8122536929698768,SPDR,0.7427263157894737,de_strength,0.06952737718040314
SQuaD_MDS,0.6154022145396465,SQuaD-MDS,0.6042526315789474,de_strength,0.011149582960699123
SQuaD_MDS_hybrid,0.7158683976436564,SQuaD-MDS hybrid,0.6482526315789474,de_strength,0.06761576606470898
SSNMDI,0.0928338108205176,SSNMDI,0.22108421052631577,de_strength,0.12825039970579816
TriMap,0.8237615995564432,TriMap,0.7662210526315789,de_strength,0.05754054692486432
UMAP,0.6986234504367085,UMAP,0.6610315789473684,de_strength,0.03759187148934007
VAE,0.7761827332863378,VAE,0.7166526315789474,de_strength,0.05953010170739037
,,VASC,0.25569333333333333,de_strength,
ZIFA,0.7515767634582382,ZIFA,0.7270947368421052,de_strength,0.024482026616132968
pCMF,0.2987736647223162,pCMF,0.3666736842105263,de_strength,0.06790001948821012
scGAE,0.4384595977279435,scGAE,0.4594526315789473,de_strength,0.020993033851003762
scGBM,0.7124584288470471,scGBM,0.7051157894736841,de_strength,0.007342639373362991
scScope,0.5525121025378337,scScope,0.5596315789473685,de_strength,0.007119476409534808
scvis,0.4408195736242289,scvis,0.4673894736842105,de_strength,0.02656990005998161
TSNE,0.7766570928753362,t-SNE,0.7092526315789474,de_strength,0.06740446129638888
tGPLVM,0.6703593002281977,tGPLVM,0.6530842105263158,de_strength,0.01727508970188185
DRA,0.1273928173114777,DRA,0.25020000000000003,dropout,0.12280718268852234
DREAM,0.1914739352829793,DREAM,0.28511578947368416,dropout,0.09364185419070487
EDGE,0.5517693312141507,EDGE,0.5174631578947368,dropout,0.03430617331941388
GLMPCA,0.6186487496708308,GLMPCA,0.5872842105263159,dropout,0.03136453914451498
ivis,0.5059534193078405,IVIS,0.5056736842105264,dropout,0.0002797350973141599
PCA,0.6081452808882156,PCA,0.5800210526315789,dropout,0.02812422825663674
PHATE,0.6866938421518171,PHATE,0.6348736842105263,dropout,0.0518201579412908
PaCMAP,0.1356408281333702,PaCMAP,0.2612,dropout,0.1255591718666298
ParametricUMAP200,0.7479939184828115,Parametric UMAP 200,0.6428631578947368,dropout,0.10513076058807469
ParametricUMAP50,0.7199707532023074,Parametric UMAP 50,0.6292526315789473,dropout,0.09071812162336013
SAUCIE,0.1203870940725305,SAUCIE,0.23470526315789475,dropout,0.11431816908536425
SCDRHA,0.4213656645124295,SCDRHA,0.4144,dropout,0.006965664512429526
SIMLR,0.7347885983235841,SIMLR,0.6229894736842105,dropout,0.11179912463937358
SPDR,0.7858076853041296,SPDR,0.6659052631578948,dropout,0.11990242214623481
SQuaD_MDS,0.4605976736673461,SQuaD-MDS,0.46549473684210535,dropout,0.004897063174759242
SQuaD_MDS_hybrid,0.6846167699917001,SQuaD-MDS hybrid,0.5546631578947367,dropout,0.12995361209696332
SSNMDI,0.1049516629520352,SSNMDI,0.22827368421052632,dropout,0.12332202125849112
TriMap,0.8059760791111067,TriMap,0.6790421052631579,dropout,0.1269339738479488
UMAP,0.7291739910202365,UMAP,0.6171578947368421,dropout,0.11201609628339437
VAE,0.6440316242864108,VAE,0.5672842105263157,dropout,0.07674741376009508
,,VASC,0.24136000000000002,dropout,
ZIFA,0.6658250217671839,ZIFA,0.6369894736842105,dropout,0.028835548082973395
pCMF,0.1325848821346411,pCMF,0.24283157894736843,dropout,0.11024669681272734
scGAE,0.2501117492795352,scGAE,0.30317894736842105,dropout,0.053067198088885825
scGBM,0.6220572274782826,scGBM,0.5931263157894737,dropout,0.028930911688808902
scScope,0.1955885016766765,scScope,0.28287368421052633,dropout,0.08728518253384984
scvis,0.1666444455347927,scvis,0.28143157894736837,dropout,0.11478713341257565
TSNE,0.718298695448338,t-SNE,0.6262105263157894,dropout,0.09208816913254858
tGPLVM,0.3236951819991585,tGPLVM,0.3864526315789474,dropout,0.0627574495797889
DRA,0.1268352225840869,DRA,0.24742105263157893,gene_number,0.12058583004749204
DREAM,0.3159615557998821,DREAM,0.36839999999999995,gene_number,0.05243844420011784
EDGE,0.7068173817801396,EDGE,0.6272315789473684,gene_number,0.07958580283277128
GLMPCA,0.6845245728826419,GLMPCA,0.6152210526315789,gene_number,0.06930352025106301
ivis,0.5644777049135854,IVIS,0.5573263157894738,gene_number,0.007151389124111618
PCA,0.7001763037498774,PCA,0.6424736842105264,gene_number,0.05770261953935096
PHATE,0.7841433984560197,PHATE,0.7039368421052632,gene_number,0.08020655635075646
PaCMAP,0.1267127735312762,PaCMAP,0.2527578947368421,gene_number,0.12604512120556594
ParametricUMAP200,0.7999898917236961,Parametric UMAP 200,0.6890315789473684,gene_number,0.11095831277632762
ParametricUMAP50,0.7907192062802133,Parametric UMAP 50,0.687821052631579,gene_number,0.1028981536486343
SAUCIE,0.1120970586575799,SAUCIE,0.23616842105263153,gene_number,0.12407136239505162
SCDRHA,0.6064762149337747,SCDRHA,0.5418736842105263,gene_number,0.0646025307232484
SIMLR,0.8370057719138172,SIMLR,0.6897157894736842,gene_number,0.14728998244013303
SPDR,0.8189764504787866,SPDR,0.6789157894736843,gene_number,0.1400606610051024
SQuaD_MDS,0.4692071435395464,SQuaD-MDS,0.47584210526315796,gene_number,0.006634961723611554
SQuaD_MDS_hybrid,0.7475143360739172,SQuaD-MDS hybrid,0.630221052631579,gene_number,0.11729328344233814
SSNMDI,0.1157900611119457,SSNMDI,0.23791578947368422,gene_number,0.12212572836173852
TriMap,0.8512334683184696,TriMap,0.7201473684210526,gene_number,0.13108609989741693
UMAP,0.7935960101449436,UMAP,0.6827789473684212,gene_number,0.11081706277652248
VAE,0.7807259917859365,VAE,0.6625578947368421,gene_number,0.11816809704909437
,,VASC,0.2601333333333333,gene_number,
ZIFA,0.6908678322810575,ZIFA,0.6339473684210526,gene_number,0.05692046386000493
pCMF,0.0979905853096566,pCMF,0.21900000000000003,gene_number,0.12100941469034343
scGAE,0.3510799672265158,scGAE,0.3621157894736843,gene_number,0.01103582224716848
scGBM,0.6668585133548699,scGBM,0.6105789473684211,gene_number,0.05627956598644879
scScope,0.4071308257928955,scScope,0.42552631578947364,gene_number,0.01839548999657814
scvis,0.1444898949919613,scvis,0.27509473684210517,gene_number,0.13060484185014387
TSNE,0.7953373267485098,t-SNE,0.6645052631578947,gene_number,0.13083206359061506
tGPLVM,0.6634920964625806,tGPLVM,0.6178000000000001,gene_number,0.045692096462580434
DRA,0.1158981811977128,DRA,0.24609473684210528,out,0.13019655564439248
DREAM,0.1853637365239483,DREAM,0.29167368421052625,out,0.10630994768657795
EDGE,0.7668973857182563,EDGE,0.6867789473684212,out,0.08011843834983512
GLMPCA,0.7124871307346232,GLMPCA,0.6524526315789474,out,0.060034499155675825
ivis,0.3879464112942643,IVIS,0.42926315789473685,out,0.04131674660047252
PCA,0.7315586445677992,PCA,0.6757894736842105,out,0.05576917088358868
PHATE,0.7813167532325929,PHATE,0.7193368421052632,out,0.0619799111273297
PaCMAP,0.1318758497676365,PaCMAP,0.26825263157894735,out,0.13637678181131085
ParametricUMAP200,0.8143651431163864,Parametric UMAP 200,0.7223263157894737,out,0.09203882732691271
ParametricUMAP50,0.8024862759317974,Parametric UMAP 50,0.7116105263157895,out,0.09087574961600797
SAUCIE,0.108303561883114,SAUCIE,0.24548421052631575,out,0.13718064864320173
SCDRHA,0.6141812752529228,SCDRHA,0.5414210526315789,out,0.07276022262134385
SIMLR,0.8387094083943897,SIMLR,0.6898210526315789,out,0.1488883557628108
SPDR,0.8214120005093969,SPDR,0.6911473684210526,out,0.13026463208834427
SQuaD_MDS,0.487793790407442,SQuaD-MDS,0.5024421052631578,out,0.014648314855715827
SQuaD_MDS_hybrid,0.7884464321838364,SQuaD-MDS hybrid,0.6766947368421052,out,0.11175169534173113
SSNMDI,0.0998644063398621,SSNMDI,0.22789473684210523,out,0.12803033050224313
TriMap,0.8441076213470406,TriMap,0.7185368421052633,out,0.1255707792417774
UMAP,0.8009498387535391,UMAP,0.7059894736842105,out,0.09496036506932859
VAE,0.7733149671302559,VAE,0.661978947368421,out,0.11133601976183494
,,VASC,0.25156,out,
ZIFA,0.72476254464467,ZIFA,0.6717052631578948,out,0.05305728148677524
pCMF,0.0867358942694987,pCMF,0.2114526315789474,out,0.1247167373094487
scGAE,0.1525634306687256,scGAE,0.25265263157894735,out,0.10008920091022175
scGBM,0.6967254333278222,scGBM,0.6471894736842105,out,0.04953595964361168
scScope,0.1467617060364649,scScope,0.26191578947368416,out,0.11515408343721925
scvis,0.0843209295006849,scvis,0.22541052631578945,out,0.14108959681510455
TSNE,0.803903792769977,t-SNE,0.6828421052631579,out,0.12106168750681912
tGPLVM,0.7239743458621144,tGPLVM,0.6737684210526316,out,0.05020592480948283
